-- phpMyAdmin SQL Dump
-- version 4.8.2
-- https://www.phpmyadmin.net/
--
-- Host: localhost:3306
-- Generation Time: Jun 25, 2019 at 08:34 AM
-- Server version: 5.7.19
-- PHP Version: 7.1.14

SET SQL_MODE = "NO_AUTO_VALUE_ON_ZERO";
SET AUTOCOMMIT = 0;
START TRANSACTION;
SET time_zone = "+00:00";


/*!40101 SET @OLD_CHARACTER_SET_CLIENT=@@CHARACTER_SET_CLIENT */;
/*!40101 SET @OLD_CHARACTER_SET_RESULTS=@@CHARACTER_SET_RESULTS */;
/*!40101 SET @OLD_COLLATION_CONNECTION=@@COLLATION_CONNECTION */;
/*!40101 SET NAMES utf8mb4 */;

--
-- Database: `eapi`
--

-- --------------------------------------------------------

--
-- Table structure for table `migrations`
--

CREATE TABLE `migrations` (
  `id` int(10) UNSIGNED NOT NULL,
  `migration` varchar(255) COLLATE utf8mb4_unicode_ci NOT NULL,
  `batch` int(11) NOT NULL
) ENGINE=InnoDB DEFAULT CHARSET=utf8mb4 COLLATE=utf8mb4_unicode_ci;

--
-- Dumping data for table `migrations`
--

INSERT INTO `migrations` (`id`, `migration`, `batch`) VALUES
(1, '2014_10_12_000000_create_users_table', 1),
(2, '2014_10_12_100000_create_password_resets_table', 1),
(3, '2019_06_25_072357_create_products_table', 1),
(4, '2019_06_25_072658_create_reviews_table', 1);

-- --------------------------------------------------------

--
-- Table structure for table `password_resets`
--

CREATE TABLE `password_resets` (
  `email` varchar(255) COLLATE utf8mb4_unicode_ci NOT NULL,
  `token` varchar(255) COLLATE utf8mb4_unicode_ci NOT NULL,
  `created_at` timestamp NULL DEFAULT NULL
) ENGINE=InnoDB DEFAULT CHARSET=utf8mb4 COLLATE=utf8mb4_unicode_ci;

-- --------------------------------------------------------

--
-- Table structure for table `products`
--

CREATE TABLE `products` (
  `id` int(10) UNSIGNED NOT NULL,
  `name` varchar(255) COLLATE utf8mb4_unicode_ci NOT NULL,
  `detail` text COLLATE utf8mb4_unicode_ci NOT NULL,
  `price` int(11) NOT NULL,
  `stock` int(11) NOT NULL,
  `discount` int(11) NOT NULL,
  `created_at` timestamp NULL DEFAULT NULL,
  `updated_at` timestamp NULL DEFAULT NULL
) ENGINE=InnoDB DEFAULT CHARSET=utf8mb4 COLLATE=utf8mb4_unicode_ci;

--
-- Dumping data for table `products`
--

INSERT INTO `products` (`id`, `name`, `detail`, `price`, `stock`, `discount`, `created_at`, `updated_at`) VALUES
(1, 'aut', 'Repellat qui et libero et molestias est quis culpa. Totam sit eum dolores consectetur ut eius quia cupiditate. Hic velit odit dolorem dolorem.', 791, 3, 26, '2019-06-25 07:27:29', '2019-06-25 07:27:29'),
(2, 'voluptas', 'Est deleniti dignissimos consectetur vel architecto sed. Velit vel consequuntur beatae officiis. Corporis cum sed perferendis sit corporis.', 337, 0, 8, '2019-06-25 07:27:29', '2019-06-25 07:27:29'),
(3, 'quidem', 'Sunt exercitationem quo eum accusantium quos ut. Ipsum quia asperiores ut est voluptatem. Quasi recusandae soluta quia maxime voluptas praesentium. Qui voluptatem quisquam deleniti veritatis.', 808, 1, 26, '2019-06-25 07:27:29', '2019-06-25 07:27:29'),
(4, 'rerum', 'Consequuntur doloribus cum accusantium cupiditate et voluptatibus sit. Praesentium aut qui doloremque nobis enim aut laboriosam. Hic cumque vitae dolores nulla sint adipisci fuga.', 588, 1, 3, '2019-06-25 07:27:29', '2019-06-25 07:27:29'),
(5, 'molestias', 'Itaque quod itaque ipsa impedit impedit accusamus et. Aut qui laborum omnis ipsam quibusdam. Earum sunt accusantium aliquid omnis. Qui dolores et voluptas molestiae consectetur et.', 729, 2, 26, '2019-06-25 07:27:29', '2019-06-25 07:27:29'),
(6, 'itaque', 'Tempora officiis eum adipisci eveniet ullam quos quo. Ipsa nisi id harum facere dolores voluptatum. Exercitationem ducimus eveniet voluptatem sed est eaque accusamus.', 978, 0, 20, '2019-06-25 07:27:29', '2019-06-25 07:27:29'),
(7, 'iste', 'Quibusdam rem voluptatum alias consequatur quasi facere quia. Aut quia dignissimos et deleniti. Rerum eos explicabo sit sit molestiae eveniet. Vitae voluptatum veritatis id perspiciatis tempora pariatur autem.', 193, 3, 5, '2019-06-25 07:27:29', '2019-06-25 07:27:29'),
(8, 'rerum', 'Illum quis possimus consequatur suscipit eum velit. Sint rem tenetur consequatur. Natus sit ipsum officia saepe voluptate rem quidem. Aut sit et porro tenetur praesentium et mollitia.', 483, 2, 26, '2019-06-25 07:27:29', '2019-06-25 07:27:29'),
(9, 'accusamus', 'Velit perferendis consequuntur eius magnam. Esse commodi eum mollitia doloremque. Id quae et sed magnam tempora odio earum.', 398, 0, 11, '2019-06-25 07:27:30', '2019-06-25 07:27:30'),
(10, 'repellendus', 'Rerum porro dignissimos beatae temporibus sed ipsum. Reiciendis et quasi neque at. Cum alias laborum omnis repellat accusamus debitis.', 377, 8, 16, '2019-06-25 07:27:30', '2019-06-25 07:27:30'),
(11, 'tenetur', 'Hic architecto harum animi officiis molestiae voluptatem. Nihil occaecati aut tempore nisi officia deserunt perspiciatis. Quasi quo et quisquam. Quia dolorem aut non dolorum odit nostrum. Quo dolore voluptatem esse est et porro libero.', 443, 2, 17, '2019-06-25 07:27:30', '2019-06-25 07:27:30'),
(12, 'maxime', 'Vel debitis deleniti esse provident suscipit. Laudantium quia aliquam quia nisi est beatae.', 248, 9, 16, '2019-06-25 07:27:30', '2019-06-25 07:27:30'),
(13, 'earum', 'Eligendi nobis et eveniet debitis quas ullam. Aut a incidunt tenetur cum vitae sit. Reiciendis sed repellendus est eligendi. Qui blanditiis et vel et veritatis.', 598, 5, 2, '2019-06-25 07:27:30', '2019-06-25 07:27:30'),
(14, 'perspiciatis', 'Aut natus dicta et doloribus est nobis nemo optio. Dolorum omnis placeat voluptas autem voluptatibus. Praesentium vitae occaecati vel nesciunt. Illum veritatis repellat fugiat et.', 853, 6, 27, '2019-06-25 07:27:30', '2019-06-25 07:27:30'),
(15, 'est', 'Molestias ex adipisci voluptatem similique explicabo suscipit consequatur. Dolorum neque neque vel quae velit. Ducimus enim quia ut impedit consequatur. Et deleniti non magnam quo ad occaecati.', 335, 7, 3, '2019-06-25 07:27:30', '2019-06-25 07:27:30'),
(16, 'eligendi', 'Facilis saepe exercitationem saepe et non. Sed deserunt maxime magnam quia officiis blanditiis.', 711, 4, 18, '2019-06-25 07:27:30', '2019-06-25 07:27:30'),
(17, 'et', 'Repellendus laboriosam voluptatem itaque. Aut repudiandae consectetur explicabo aut sequi voluptate. Eveniet totam velit quo dolores culpa et. Molestiae asperiores corporis deserunt unde in.', 265, 7, 22, '2019-06-25 07:27:30', '2019-06-25 07:27:30'),
(18, 'incidunt', 'Voluptates minus et odit sunt quia inventore id. Ut veritatis sit eum quo voluptatem eveniet ex nesciunt.', 221, 0, 19, '2019-06-25 07:27:30', '2019-06-25 07:27:30'),
(19, 'provident', 'Nam ipsum sit sunt iste. Molestiae exercitationem ipsum tenetur quis asperiores. Esse vel et officia repellat tenetur labore consectetur.', 640, 0, 10, '2019-06-25 07:27:30', '2019-06-25 07:27:30'),
(20, 'deserunt', 'Culpa nihil vel enim in. Beatae et numquam voluptas earum eos. Et non voluptatem hic in.', 673, 3, 2, '2019-06-25 07:27:30', '2019-06-25 07:27:30'),
(21, 'qui', 'Qui blanditiis sed dolorum sit eligendi. Inventore quas non laboriosam molestias sequi velit. Placeat facere mollitia et.', 175, 9, 8, '2019-06-25 07:27:30', '2019-06-25 07:27:30'),
(22, 'et', 'Alias officiis vel temporibus assumenda occaecati nihil delectus. Maxime neque animi incidunt. Molestiae neque est assumenda rerum animi id.', 846, 4, 8, '2019-06-25 07:27:30', '2019-06-25 07:27:30'),
(23, 'quia', 'Quia quia non aut magni explicabo. Natus occaecati doloremque eligendi consectetur. Atque doloribus sed sit necessitatibus omnis nostrum voluptatum soluta.', 652, 9, 8, '2019-06-25 07:27:30', '2019-06-25 07:27:30'),
(24, 'culpa', 'Quae quae nulla quam. Quidem aperiam quo odit praesentium sunt natus aut. Accusantium laboriosam voluptates accusamus nostrum quidem in ut.', 459, 1, 10, '2019-06-25 07:27:30', '2019-06-25 07:27:30'),
(25, 'debitis', 'Consequatur aliquid ipsum expedita dolorem rerum. Voluptatem doloribus consequuntur qui necessitatibus esse sed. Amet ut doloribus magnam recusandae vero ut unde. Reprehenderit corporis illo sint et.', 564, 6, 15, '2019-06-25 07:27:30', '2019-06-25 07:27:30'),
(26, 'officia', 'Rerum rerum culpa tempore dolorem. Aliquam optio repellendus dolores voluptate. Repellat amet animi qui non ea neque ex.', 715, 6, 18, '2019-06-25 07:27:30', '2019-06-25 07:27:30'),
(27, 'quo', 'Numquam consequatur deserunt et qui id natus adipisci. Sint sint soluta accusamus exercitationem veritatis modi. Maxime quisquam inventore nam ut dolores autem. Et quam nostrum eos sed ab mollitia hic sint.', 541, 1, 3, '2019-06-25 07:27:30', '2019-06-25 07:27:30'),
(28, 'quisquam', 'Expedita animi a autem et quidem. Amet nihil molestias est quia sed. Dicta qui quia et quia ut facilis deserunt. Enim quisquam sit quos vel maiores.', 456, 3, 11, '2019-06-25 07:27:30', '2019-06-25 07:27:30'),
(29, 'eius', 'Voluptatum harum voluptate inventore quisquam rerum iste ad. Eum rerum ad a id aut tempora. Voluptatem adipisci ducimus est quasi veniam molestiae. Hic rerum recusandae ut et suscipit sed.', 707, 9, 15, '2019-06-25 07:27:30', '2019-06-25 07:27:30'),
(30, 'omnis', 'Error suscipit mollitia odio velit aliquid voluptates sit. Placeat odio quasi aut officia qui. Facilis recusandae mollitia voluptas et aut rerum. Quia error earum aut rerum.', 992, 7, 30, '2019-06-25 07:27:30', '2019-06-25 07:27:30'),
(31, 'error', 'Recusandae et id similique repellendus nemo. Harum cumque aliquid facere dignissimos. Unde quae dolores magnam iusto amet aut et. Reiciendis ex vel repellat omnis.', 359, 3, 26, '2019-06-25 07:27:30', '2019-06-25 07:27:30'),
(32, 'architecto', 'Exercitationem deleniti molestiae nihil ut fugiat enim. Provident quo ad fugit quaerat voluptate vitae quam. Temporibus impedit ducimus repellendus earum omnis voluptatem voluptatibus.', 321, 7, 14, '2019-06-25 07:27:30', '2019-06-25 07:27:30'),
(33, 'laudantium', 'Quasi eveniet nihil cupiditate amet fugiat nobis aperiam. Optio non eaque optio repellat ea inventore maxime saepe. Sed molestiae sed perferendis ab velit minus. Sed illum ad qui recusandae suscipit eos voluptatem assumenda.', 831, 9, 12, '2019-06-25 07:27:30', '2019-06-25 07:27:30'),
(34, 'ad', 'Dignissimos rerum quo et. Consequuntur vitae fugit quis optio omnis. In exercitationem atque nesciunt.', 346, 4, 15, '2019-06-25 07:27:30', '2019-06-25 07:27:30'),
(35, 'non', 'Beatae harum reprehenderit aut error autem ipsam. Occaecati id reprehenderit amet quae et velit qui. Excepturi sed voluptatem sunt voluptatem natus nulla et dolorem. Nam nulla expedita in ad placeat voluptatibus. Eos mollitia hic ut consequuntur.', 283, 0, 18, '2019-06-25 07:27:30', '2019-06-25 07:27:30'),
(36, 'beatae', 'Sed quia dolor aperiam magni. Omnis quia nihil laudantium laborum est asperiores dolore. Voluptates dolor aspernatur quia. Pariatur neque consequatur unde dignissimos.', 745, 5, 13, '2019-06-25 07:27:30', '2019-06-25 07:27:30'),
(37, 'nihil', 'Fugit sed tenetur fugiat animi. Sequi nihil consequuntur quos voluptatem. At aut ab dolore quidem iusto voluptatem ad.', 346, 3, 9, '2019-06-25 07:27:30', '2019-06-25 07:27:30'),
(38, 'ducimus', 'Suscipit quod ut et cupiditate nam laboriosam. Explicabo sunt quibusdam dolore atque aut. Harum nobis quis voluptas quasi praesentium et ex. Maiores dolor ut recusandae quod enim.', 587, 8, 9, '2019-06-25 07:27:31', '2019-06-25 07:27:31'),
(39, 'voluptatem', 'Voluptatem eum tenetur necessitatibus sequi et. Ut architecto libero earum repudiandae pariatur. Nostrum reiciendis architecto corrupti corporis eaque repudiandae ut. Voluptas facilis libero ut a ducimus unde.', 306, 5, 3, '2019-06-25 07:27:31', '2019-06-25 07:27:31'),
(40, 'cupiditate', 'Neque libero et laudantium omnis est qui et minus. Rerum autem ipsam rerum. Vitae dolor quibusdam laudantium est autem enim maxime esse. Fugit vero laudantium itaque dolores minima iste.', 199, 6, 17, '2019-06-25 07:27:31', '2019-06-25 07:27:31'),
(41, 'sit', 'Inventore deleniti optio ea consequuntur aliquam harum. Optio iure vero sapiente fuga sint non incidunt. Nemo adipisci perspiciatis animi et ipsa consequuntur nobis. Id dolorem nemo recusandae qui dolor autem. Hic dolorum distinctio et veniam voluptate optio.', 593, 2, 4, '2019-06-25 07:27:31', '2019-06-25 07:27:31'),
(42, 'consequatur', 'Quidem quis ut at vero. Molestiae accusantium dolorem omnis eius recusandae aut aut. Minima et enim velit voluptates. Suscipit autem sapiente sint animi.', 882, 5, 22, '2019-06-25 07:27:31', '2019-06-25 07:27:31'),
(43, 'voluptate', 'Reprehenderit cupiditate sequi quia quidem quasi repellendus. Et necessitatibus quis quaerat quia tenetur rerum exercitationem. Inventore nihil quia impedit totam sapiente ab. Necessitatibus cum dolorem aliquid ea recusandae sequi beatae.', 189, 3, 8, '2019-06-25 07:27:31', '2019-06-25 07:27:31'),
(44, 'dolores', 'Laborum dolor velit aut omnis odio officia modi quaerat. Maiores nihil omnis error nisi temporibus voluptatem. Nobis autem voluptatem omnis facilis. Suscipit quasi laboriosam veritatis enim est sed id facilis.', 164, 8, 9, '2019-06-25 07:27:31', '2019-06-25 07:27:31'),
(45, 'omnis', 'Reiciendis fugit atque qui velit. Porro accusantium molestiae quidem voluptatum voluptatem. Officiis a aut saepe molestiae optio deleniti.', 147, 6, 25, '2019-06-25 07:27:31', '2019-06-25 07:27:31'),
(46, 'distinctio', 'Voluptas ut veritatis autem fuga laboriosam rerum. Id ut quasi exercitationem ab ipsa. Nihil et facilis accusantium minima sequi qui. Consequatur harum vel facilis quis et.', 462, 2, 9, '2019-06-25 07:27:31', '2019-06-25 07:27:31'),
(47, 'qui', 'Odio doloremque rem sed qui ipsa alias quod. Doloribus veritatis ut eveniet cupiditate voluptatem asperiores. Suscipit id explicabo voluptatem rerum id qui vero. Qui ut tenetur quaerat consectetur.', 822, 3, 7, '2019-06-25 07:27:31', '2019-06-25 07:27:31'),
(48, 'quos', 'Repudiandae et provident commodi qui aut autem. Deleniti enim numquam sed sunt fugit repudiandae dolor. Deserunt qui voluptas earum et et possimus omnis quia. Est qui aliquam quibusdam eos.', 589, 7, 25, '2019-06-25 07:27:31', '2019-06-25 07:27:31'),
(49, 'quas', 'Atque assumenda est aut quia eos exercitationem. Dolore reprehenderit assumenda qui autem incidunt est deleniti. Tempora consequuntur nobis eum unde id cumque.', 761, 1, 27, '2019-06-25 07:27:31', '2019-06-25 07:27:31'),
(50, 'non', 'Ipsum modi id officiis velit. Ut quos in quia et ipsum ut. Quis mollitia culpa sapiente doloremque dolore aut praesentium.', 922, 1, 10, '2019-06-25 07:27:31', '2019-06-25 07:27:31'),
(51, 'iusto', 'Et ut iusto minima occaecati alias illum neque magni. Possimus cum omnis amet hic officia voluptas. Est voluptas excepturi aut cum sed perspiciatis accusantium maxime. In quas omnis blanditiis asperiores voluptas et et accusantium.', 641, 0, 9, '2019-06-25 07:30:54', '2019-06-25 07:30:54'),
(52, 'nisi', 'Enim ab enim omnis aliquam vero dignissimos. Tempora perspiciatis quibusdam rem earum. Qui perferendis ratione animi numquam est quia. Dolorem facilis repudiandae sed facilis voluptatem quidem.', 206, 7, 29, '2019-06-25 07:30:54', '2019-06-25 07:30:54'),
(53, 'necessitatibus', 'Est consequatur ex aut maxime quibusdam exercitationem ut. Eum voluptas illo voluptatem molestiae eligendi dolores. Consectetur quae quia ea. Modi excepturi omnis commodi aut aut.', 832, 8, 15, '2019-06-25 07:30:54', '2019-06-25 07:30:54'),
(54, 'dicta', 'Itaque deserunt consequatur et dolor deleniti id ut. Minima autem reprehenderit magnam incidunt consequatur et recusandae. Ut et voluptas enim ut earum occaecati. Quo dolor id quasi aspernatur.', 145, 5, 14, '2019-06-25 07:30:54', '2019-06-25 07:30:54'),
(55, 'voluptatum', 'Officia velit sed est ipsum perspiciatis. Autem aut autem et ipsum. Dolore unde expedita rem aliquam voluptas est aut.', 388, 9, 23, '2019-06-25 07:30:54', '2019-06-25 07:30:54'),
(56, 'expedita', 'Omnis non voluptates qui laboriosam recusandae. Illum culpa et vel temporibus. Magnam inventore recusandae exercitationem corrupti eum.', 901, 5, 7, '2019-06-25 07:30:54', '2019-06-25 07:30:54'),
(57, 'ut', 'Deleniti beatae ipsam ipsam cum ut incidunt vitae. Velit mollitia tempora cupiditate soluta cupiditate. Accusantium aut sit quae. Consequuntur excepturi voluptas nulla autem est.', 403, 0, 25, '2019-06-25 07:30:54', '2019-06-25 07:30:54'),
(58, 'dolores', 'Harum quis dolor ipsam ut. In at dolores ut debitis corrupti soluta. Explicabo molestias laborum est totam.', 112, 8, 16, '2019-06-25 07:30:54', '2019-06-25 07:30:54'),
(59, 'natus', 'Est sint quasi dolorum ut sed. Sapiente ut expedita autem nihil velit dolorum sequi. Quam sit ea quos.', 234, 8, 18, '2019-06-25 07:30:54', '2019-06-25 07:30:54'),
(60, 'quae', 'Alias at et quaerat ipsa excepturi tempora architecto et. Reprehenderit rerum velit iste ad perspiciatis id. Maiores distinctio velit facere. Ut sequi officia velit at.', 326, 3, 30, '2019-06-25 07:30:54', '2019-06-25 07:30:54'),
(61, 'et', 'Qui commodi dicta accusantium recusandae. Et non nihil voluptas explicabo nostrum. Et at facere ut quo aut atque. Maiores et consequatur dolorem odit quia.', 570, 2, 18, '2019-06-25 07:30:54', '2019-06-25 07:30:54'),
(62, 'et', 'Et cumque accusamus assumenda quibusdam hic aliquam. Soluta occaecati occaecati libero ratione reiciendis totam et. Quisquam rem recusandae voluptatem magni est.', 523, 5, 17, '2019-06-25 07:30:54', '2019-06-25 07:30:54'),
(63, 'totam', 'Non aut aliquam deserunt esse. Velit sit expedita consequatur est consequuntur dolorum. Eos qui quaerat eaque expedita nemo error. Delectus occaecati dignissimos labore sint.', 566, 5, 18, '2019-06-25 07:30:54', '2019-06-25 07:30:54'),
(64, 'et', 'Rerum occaecati nisi et eius. Itaque omnis delectus ipsam. Neque non voluptate non magnam ipsum. Illum nesciunt ut placeat fugit maxime expedita.', 594, 9, 29, '2019-06-25 07:30:54', '2019-06-25 07:30:54'),
(65, 'blanditiis', 'Veniam quod quasi in numquam harum eum harum. Distinctio laudantium tempora repellat qui autem molestiae ea. Consequatur eligendi odit nam facilis.', 497, 0, 30, '2019-06-25 07:30:54', '2019-06-25 07:30:54'),
(66, 'corporis', 'Velit atque dolore culpa dolorem. Consequatur ea quo sint voluptas. Aliquam quibusdam quas quam nesciunt quasi non nobis. Mollitia aut sint atque quaerat eveniet alias.', 532, 6, 13, '2019-06-25 07:30:54', '2019-06-25 07:30:54'),
(67, 'est', 'Illum dolores qui quia et. Libero doloribus ullam eaque qui placeat. Id facere soluta quia non ipsum ullam cumque.', 236, 7, 8, '2019-06-25 07:30:54', '2019-06-25 07:30:54'),
(68, 'vel', 'Ab officia nobis doloribus est dolore dignissimos qui. Delectus voluptatem qui neque quam rem dolor debitis dolorum. Neque incidunt molestias at laboriosam quia. Vitae tempora praesentium voluptates magni sunt blanditiis aut.', 348, 3, 7, '2019-06-25 07:30:54', '2019-06-25 07:30:54'),
(69, 'atque', 'Dolor aperiam maiores ut. Inventore eos enim earum et praesentium. Voluptas est iste id similique autem repellat numquam.', 491, 8, 6, '2019-06-25 07:30:54', '2019-06-25 07:30:54'),
(70, 'et', 'Possimus qui cupiditate nihil et optio. Incidunt mollitia doloribus nihil nobis ut incidunt aut. Necessitatibus pariatur cum necessitatibus et eos. Fugit quo voluptates et tenetur eius ut.', 512, 7, 9, '2019-06-25 07:30:54', '2019-06-25 07:30:54'),
(71, 'temporibus', 'Omnis aut et temporibus iusto sit molestiae. In repellendus atque consequatur vel voluptatem blanditiis ab accusantium. Sed impedit similique velit quaerat quaerat. Distinctio accusamus dicta velit itaque molestiae.', 902, 7, 21, '2019-06-25 07:30:55', '2019-06-25 07:30:55'),
(72, 'quia', 'Velit repellat sed harum. Rerum vitae labore maxime aliquam in harum molestiae architecto. Asperiores sit est et quis. Itaque quis praesentium minus voluptatum sapiente dolores consequatur eveniet.', 916, 9, 17, '2019-06-25 07:30:55', '2019-06-25 07:30:55'),
(73, 'sed', 'Minima quia ad voluptas molestiae reiciendis velit. Ut quasi ea a rerum aspernatur ut. Quam dignissimos non quisquam in architecto aut.', 256, 9, 29, '2019-06-25 07:30:55', '2019-06-25 07:30:55'),
(74, 'sunt', 'Eum harum et quibusdam voluptatibus aut consequatur. Ab numquam perspiciatis aut sapiente ut. Impedit omnis iste hic quasi harum alias qui. Expedita temporibus modi et dolorum labore nihil autem est.', 675, 6, 6, '2019-06-25 07:30:55', '2019-06-25 07:30:55'),
(75, 'hic', 'Aliquid officia quas quidem et. Odio dolorem voluptas omnis quisquam qui magni. Qui ut sit debitis sed aperiam voluptatem. Doloribus vel error facilis non sed.', 614, 8, 19, '2019-06-25 07:30:55', '2019-06-25 07:30:55'),
(76, 'qui', 'Rerum nobis consequatur facere sapiente. Et neque iusto nostrum quos consequatur molestias. Et suscipit voluptas inventore ipsa. Laboriosam cum dolorem ut veniam provident cum. Temporibus asperiores corporis natus aut assumenda.', 546, 8, 16, '2019-06-25 07:30:55', '2019-06-25 07:30:55'),
(77, 'ad', 'Magni animi magnam vitae voluptatem. Laboriosam dolore labore animi aut voluptas. Quia voluptates dolores aut.', 433, 0, 2, '2019-06-25 07:30:55', '2019-06-25 07:30:55'),
(78, 'officia', 'Numquam et atque labore cumque quo. Rem culpa minus eos eum non amet accusantium. Numquam dicta illo laboriosam. Possimus ut iusto sed animi nostrum.', 411, 1, 4, '2019-06-25 07:30:55', '2019-06-25 07:30:55'),
(79, 'ut', 'Autem eos autem magnam. Ad iste iste et. Eum libero fugit vel vitae dolores vel. Omnis consequatur autem quia minima.', 394, 4, 24, '2019-06-25 07:30:55', '2019-06-25 07:30:55'),
(80, 'sit', 'Error sed nobis animi exercitationem nostrum. Quaerat consequatur sint qui ratione dolor. Ipsam et cumque ullam dolore qui.', 554, 1, 17, '2019-06-25 07:30:55', '2019-06-25 07:30:55'),
(81, 'nostrum', 'Voluptatem enim repellendus aperiam et cum sint consequatur. Dolorem quia iure architecto vero sed est officiis. Ipsam tempora vitae rerum eum.', 543, 3, 2, '2019-06-25 07:30:55', '2019-06-25 07:30:55'),
(82, 'porro', 'Delectus aut qui consequuntur eveniet. Odit molestiae quia ea repudiandae officia totam quidem adipisci. Impedit voluptatem qui enim sit quaerat. Officiis eos ut sint ut rerum accusantium aut architecto.', 234, 2, 14, '2019-06-25 07:30:55', '2019-06-25 07:30:55'),
(83, 'enim', 'Minus ratione eos tempora doloremque aut deserunt consequatur. Quisquam iste alias ullam molestias vel aliquam. Totam sed quisquam sit. Dolor voluptatem consequatur qui officia velit neque voluptatem.', 426, 2, 6, '2019-06-25 07:30:55', '2019-06-25 07:30:55'),
(84, 'esse', 'Omnis enim facere inventore maxime fuga repudiandae maxime. Est provident sed modi dolores quia maiores. Sit ullam et exercitationem quis architecto.', 325, 5, 9, '2019-06-25 07:30:55', '2019-06-25 07:30:55'),
(85, 'nisi', 'Suscipit accusantium sint quibusdam quo necessitatibus aliquid. Quia tempore id ullam quidem dolorem accusamus laboriosam. Similique debitis dolores totam quas non.', 442, 4, 24, '2019-06-25 07:30:55', '2019-06-25 07:30:55'),
(86, 'ut', 'Et earum est quae illum consectetur corporis perspiciatis. Corporis doloremque asperiores illo rerum excepturi.', 230, 8, 15, '2019-06-25 07:30:55', '2019-06-25 07:30:55'),
(87, 'sint', 'Unde esse perspiciatis possimus eaque non explicabo ea. Dolores vitae omnis voluptas iure quibusdam. Quo sed ut et natus nihil hic eum.', 516, 3, 18, '2019-06-25 07:30:55', '2019-06-25 07:30:55'),
(88, 'repellendus', 'Occaecati non repellat eveniet numquam facere. Ea blanditiis sit et deleniti autem pariatur fugiat voluptas. Rerum excepturi quia ipsum nulla. Est totam explicabo eum.', 227, 2, 8, '2019-06-25 07:30:55', '2019-06-25 07:30:55'),
(89, 'beatae', 'Dolores veritatis molestias distinctio. Ut enim tenetur praesentium ex. Dignissimos nemo nisi culpa fugiat quia dolores quam.', 495, 7, 4, '2019-06-25 07:30:55', '2019-06-25 07:30:55'),
(90, 'minima', 'Animi voluptatem quo aut natus. Accusantium ipsa ut beatae est laudantium aut. Rerum vitae sit dolorum tempore iure. Modi vitae dolore consequatur asperiores iste rem sed enim.', 577, 4, 17, '2019-06-25 07:30:55', '2019-06-25 07:30:55'),
(91, 'placeat', 'Accusamus aspernatur quod facere sint. Nesciunt unde eos ipsam. Quas praesentium corporis ullam ullam quaerat omnis non. Tenetur accusamus voluptatum animi. Soluta nihil quasi unde qui adipisci unde.', 945, 1, 13, '2019-06-25 07:30:55', '2019-06-25 07:30:55'),
(92, 'eveniet', 'Accusantium quia est aut sapiente magni aut suscipit. Temporibus deserunt cumque ducimus necessitatibus cum dignissimos consequatur. Consequatur vitae dolorem ex quisquam quia officia autem. Enim ut quisquam qui ea quo. Eaque enim perspiciatis et sed autem.', 208, 6, 4, '2019-06-25 07:30:55', '2019-06-25 07:30:55'),
(93, 'delectus', 'Qui voluptates saepe saepe laborum sequi. Saepe commodi vel exercitationem. Modi harum earum ipsum eum et fugit iusto.', 892, 7, 7, '2019-06-25 07:30:55', '2019-06-25 07:30:55'),
(94, 'at', 'Harum dolorem nobis sed consequuntur. Voluptatem ut quia ex consequatur. Libero vel rerum eos neque. Suscipit facilis recusandae vel nobis quidem perspiciatis molestiae molestias.', 188, 4, 22, '2019-06-25 07:30:55', '2019-06-25 07:30:55'),
(95, 'ab', 'Voluptas enim beatae quia recusandae incidunt a voluptatibus amet. Minus debitis natus tempore aut. Sed esse quos officiis excepturi eveniet explicabo.', 513, 4, 15, '2019-06-25 07:30:55', '2019-06-25 07:30:55'),
(96, 'occaecati', 'Rerum omnis sit cumque fugit et voluptas provident aut. Dolorem dolor impedit nostrum odio voluptatem aut et. Explicabo omnis dolore et voluptatem repellendus iusto repellat. Magni aut possimus et eligendi in sint. Et dignissimos saepe voluptatem facilis qui.', 180, 0, 24, '2019-06-25 07:30:55', '2019-06-25 07:30:55'),
(97, 'qui', 'Vero nulla voluptates qui aut reprehenderit. Enim qui eaque nisi rerum veritatis consectetur voluptates. Qui necessitatibus omnis sed maxime voluptas. Consequatur nisi temporibus ut dolorem fugiat corrupti nobis.', 999, 3, 7, '2019-06-25 07:30:55', '2019-06-25 07:30:55'),
(98, 'sequi', 'Incidunt nulla quod voluptatem tempore accusantium. Et suscipit aut iusto commodi modi alias cumque molestiae. Voluptas doloremque saepe recusandae. Tenetur quia vel totam aliquam dicta quaerat corrupti.', 582, 4, 24, '2019-06-25 07:30:55', '2019-06-25 07:30:55'),
(99, 'iste', 'Dolor aut qui perferendis non et eum mollitia. Animi sapiente delectus voluptate voluptatibus. Beatae fugit sed et facilis commodi architecto. Ullam ea cum molestias et.', 783, 6, 2, '2019-06-25 07:30:56', '2019-06-25 07:30:56'),
(100, 'necessitatibus', 'Et in accusamus nam laboriosam quis eum quis. Natus ab est quos ut reiciendis maiores omnis. Sint rerum et earum. Voluptas dignissimos qui ut minima.', 287, 5, 20, '2019-06-25 07:30:56', '2019-06-25 07:30:56');

-- --------------------------------------------------------

--
-- Table structure for table `reviews`
--

CREATE TABLE `reviews` (
  `id` int(10) UNSIGNED NOT NULL,
  `product_id` int(10) UNSIGNED NOT NULL,
  `customer` varchar(255) COLLATE utf8mb4_unicode_ci NOT NULL,
  `review` text COLLATE utf8mb4_unicode_ci NOT NULL,
  `star` int(11) NOT NULL,
  `created_at` timestamp NULL DEFAULT NULL,
  `updated_at` timestamp NULL DEFAULT NULL
) ENGINE=InnoDB DEFAULT CHARSET=utf8mb4 COLLATE=utf8mb4_unicode_ci;

--
-- Dumping data for table `reviews`
--

INSERT INTO `reviews` (`id`, `product_id`, `customer`, `review`, `star`, `created_at`, `updated_at`) VALUES
(1, 55, 'Edmond Bayer', 'Hic laborum est libero perspiciatis et. Recusandae odio et autem sit modi id quos.', 3, '2019-06-25 07:30:56', '2019-06-25 07:30:56'),
(2, 78, 'Lawson Goyette', 'Unde et molestiae quasi quam. Voluptatem possimus blanditiis ipsum nam adipisci. Consequatur velit maiores culpa autem ab eum sit.', 2, '2019-06-25 07:30:56', '2019-06-25 07:30:56'),
(3, 78, 'Ramiro Harris', 'Dolorem quis non ullam possimus voluptatem. Fugiat illo non qui labore ex error. Expedita quia eius minus quia nihil. Cupiditate est qui iusto ipsum omnis corrupti.', 3, '2019-06-25 07:30:56', '2019-06-25 07:30:56'),
(4, 46, 'Gunnar Harber', 'Nesciunt nulla numquam rem quod nihil. Ut et eaque nesciunt excepturi aut sint aut qui. Quibusdam sequi vel consequatur nulla vero blanditiis reiciendis quia. Dolores nesciunt consequatur necessitatibus nesciunt dicta. Sit libero consectetur alias provident.', 3, '2019-06-25 07:30:56', '2019-06-25 07:30:56'),
(5, 35, 'Ms. Palma Schowalter MD', 'Suscipit voluptas et delectus minus corporis. Laboriosam dolor possimus nihil qui. Sint veritatis praesentium occaecati. Nulla eos tempora quia porro sed pariatur eos fugit. Tempore nobis perferendis ratione veritatis animi.', 4, '2019-06-25 07:30:56', '2019-06-25 07:30:56'),
(6, 62, 'Stephania Reinger', 'Qui sequi accusantium velit omnis esse et et. Delectus ducimus sunt perspiciatis est. Neque qui in qui facere at dolor et.', 1, '2019-06-25 07:30:56', '2019-06-25 07:30:56'),
(7, 36, 'Prof. Chasity Batz Jr.', 'Itaque enim repellendus qui ipsa perspiciatis nemo deleniti. Sit et voluptas consectetur est. Ea necessitatibus ut magni ut. Deserunt veritatis qui et qui.', 3, '2019-06-25 07:30:56', '2019-06-25 07:30:56'),
(8, 89, 'Hannah Brakus', 'Tempore molestias repellat sit nam et quas. Numquam deleniti quia error laudantium ipsam. Quas alias expedita magnam atque hic cumque aut rerum. Atque et rerum perferendis natus est consectetur. Voluptatibus quis ea sit provident.', 4, '2019-06-25 07:30:56', '2019-06-25 07:30:56'),
(9, 71, 'Timmy Carroll', 'Autem id aliquid libero error. Necessitatibus officia nulla perspiciatis ab omnis modi amet.', 5, '2019-06-25 07:30:56', '2019-06-25 07:30:56'),
(10, 50, 'Cortez Grant PhD', 'Necessitatibus libero nobis eum possimus at perspiciatis fugit. Accusamus illo dolor et quo. Ad in pariatur doloremque sed sint.', 1, '2019-06-25 07:30:56', '2019-06-25 07:30:56'),
(11, 99, 'Alia Schamberger I', 'Pariatur quia ipsam ut qui impedit. Omnis distinctio dignissimos sapiente praesentium distinctio nostrum exercitationem cum.', 5, '2019-06-25 07:30:56', '2019-06-25 07:30:56'),
(12, 36, 'Ms. Dana Johns DDS', 'Aliquid quae harum aut odit aut. Officia vel aut ratione sed ad. Delectus animi aut doloremque ea illum quidem blanditiis blanditiis. Dolores autem dolore quibusdam sunt quidem.', 1, '2019-06-25 07:30:56', '2019-06-25 07:30:56'),
(13, 14, 'Jairo Lockman', 'Esse suscipit nihil dolorem deserunt asperiores vero quod iure. Sapiente dolor consequatur tempora enim qui aut. Et sint ut voluptates qui quidem dicta. Similique laboriosam molestias ea inventore quasi dolor error et.', 5, '2019-06-25 07:30:56', '2019-06-25 07:30:56'),
(14, 58, 'Prof. Cathryn Russel MD', 'Suscipit sed aspernatur ab consequuntur qui rerum. Nesciunt nisi alias omnis eos. Labore sit vitae distinctio quia eum cupiditate magni.', 3, '2019-06-25 07:30:56', '2019-06-25 07:30:56'),
(15, 24, 'Jamaal Volkman', 'Provident quis et veritatis expedita quis. Vitae molestiae et rem voluptas eos velit temporibus. Voluptas hic est repudiandae et. Nihil consequatur earum ex enim commodi et in ab.', 4, '2019-06-25 07:30:57', '2019-06-25 07:30:57'),
(16, 84, 'Prof. Elwin Nienow III', 'Incidunt aut expedita similique aut. Necessitatibus iure facere et. Amet error eius sed aspernatur est suscipit exercitationem. Aspernatur illo velit qui autem.', 3, '2019-06-25 07:30:57', '2019-06-25 07:30:57'),
(17, 14, 'Jovan Smitham DVM', 'Excepturi adipisci animi harum. Eum vel laboriosam ex expedita adipisci molestiae delectus.', 4, '2019-06-25 07:30:57', '2019-06-25 07:30:57'),
(18, 78, 'Wilfrid Wiza', 'Doloribus explicabo assumenda quia et. Labore facilis molestiae placeat suscipit. Deserunt exercitationem quia ea quos. Recusandae tempore ab repudiandae id ex.', 5, '2019-06-25 07:30:57', '2019-06-25 07:30:57'),
(19, 83, 'Keven Kiehn', 'At deleniti qui quia architecto est veritatis sed. Natus numquam quia explicabo rerum vero voluptatem. Reprehenderit necessitatibus est facilis et nemo. Ducimus vero quia consectetur unde. Nobis facere incidunt quia facere et.', 1, '2019-06-25 07:30:57', '2019-06-25 07:30:57'),
(20, 63, 'Bridie Trantow', 'Totam quisquam officia magnam dolorum animi. Id ut nulla totam mollitia vel ipsa molestiae. Delectus eaque totam eum et at magni.', 0, '2019-06-25 07:30:57', '2019-06-25 07:30:57'),
(21, 45, 'Alycia Daniel', 'Et sunt aperiam numquam quae laboriosam enim est. Aut ut aut excepturi. Ducimus quo eligendi assumenda sit quae officia distinctio. Repellendus blanditiis rerum porro. Ratione id odit quae aut error aut.', 5, '2019-06-25 07:30:57', '2019-06-25 07:30:57'),
(22, 43, 'Brennan Nitzsche', 'Quis eos aliquid hic quibusdam magni assumenda quaerat. In deleniti occaecati tempora quis vitae eos minima. Quam autem aspernatur hic dolores iusto voluptas dolore perferendis.', 3, '2019-06-25 07:30:57', '2019-06-25 07:30:57'),
(23, 80, 'Damian Osinski', 'Totam asperiores et numquam. Aut laudantium sint minima nihil quia rem. Iusto cumque dolores et ut odit dolor animi repellat. Ut est dolorum voluptatum qui minima debitis est.', 5, '2019-06-25 07:30:57', '2019-06-25 07:30:57'),
(24, 66, 'Cordell Schaden I', 'Dolorem quas dolorem quam repellendus. Est ut aut aut minima maxime aut. Quibusdam odio ea placeat repudiandae. Et facere sed repellendus et omnis libero et.', 3, '2019-06-25 07:30:57', '2019-06-25 07:30:57'),
(25, 15, 'Dr. Cortney Kub Sr.', 'Et pariatur excepturi ut a sapiente a ullam. Occaecati aut est laborum ratione assumenda aut voluptas. Consequuntur ea est dolores ad illum nam.', 5, '2019-06-25 07:30:57', '2019-06-25 07:30:57'),
(26, 23, 'Ellen Gorczany', 'Animi voluptates velit aliquam ullam minus blanditiis soluta. Libero eos in voluptatibus at. Magnam et sed fugiat quibusdam et non pariatur. Ea necessitatibus neque quo autem ea.', 3, '2019-06-25 07:30:57', '2019-06-25 07:30:57'),
(27, 82, 'Ms. Francisca Berge', 'Ea mollitia corporis consequatur quia aut et enim. Minima et blanditiis perspiciatis quae. Ullam molestiae architecto occaecati at.', 5, '2019-06-25 07:30:57', '2019-06-25 07:30:57'),
(28, 44, 'Kieran Pacocha Jr.', 'Quis tempora ex eligendi officiis vel dolor. Dolores nemo natus repellat alias suscipit blanditiis officia perferendis. Inventore hic voluptatem voluptas doloribus. Modi rerum et commodi veniam pariatur distinctio quis nam.', 1, '2019-06-25 07:30:57', '2019-06-25 07:30:57'),
(29, 90, 'Gaston Kreiger', 'Animi amet eligendi quisquam et laudantium enim. Dolorem quaerat accusamus saepe sed. Ab a qui voluptatem harum ea et natus ipsam. Cumque vitae id omnis esse ea accusantium optio.', 1, '2019-06-25 07:30:57', '2019-06-25 07:30:57'),
(30, 45, 'Madisyn Windler', 'Ut expedita itaque laudantium voluptatem. Nemo sunt est sunt ipsa saepe.', 2, '2019-06-25 07:30:57', '2019-06-25 07:30:57'),
(31, 51, 'Franco Kuhic', 'Dolor et iste nihil aliquam libero quia aut possimus. Nihil excepturi culpa explicabo est eos tenetur. Maiores error deleniti saepe dolores. Vel minima ratione qui.', 3, '2019-06-25 07:30:57', '2019-06-25 07:30:57'),
(32, 10, 'Brent Reichel', 'Officia dolor odio dolores dicta quam quod. Laudantium nemo ratione quae laudantium aperiam eum perferendis. Voluptas non asperiores illo minima.', 5, '2019-06-25 07:30:57', '2019-06-25 07:30:57'),
(33, 21, 'Melyssa Mueller', 'Nisi quidem maiores possimus voluptatem quod. Commodi tenetur velit a cupiditate. Culpa vitae consequuntur quos suscipit quidem non non quaerat. Ratione dignissimos voluptatem molestiae recusandae eius. Sit omnis ducimus harum aut dolores molestiae porro.', 0, '2019-06-25 07:30:57', '2019-06-25 07:30:57'),
(34, 47, 'Adan Hand', 'Veniam alias laboriosam quis et qui dolor facere. Et animi et tenetur nihil omnis qui eaque.', 1, '2019-06-25 07:30:57', '2019-06-25 07:30:57'),
(35, 90, 'Mr. Gaylord Pollich III', 'Enim et occaecati placeat sit perspiciatis aut voluptatem. Sapiente perspiciatis nemo quia et beatae quia tempora. Expedita omnis vel dolores suscipit recusandae est eveniet. Accusantium vel et quod id ad cum.', 0, '2019-06-25 07:30:57', '2019-06-25 07:30:57'),
(36, 44, 'Eldridge Roob', 'Non ut ea dolor. Aspernatur recusandae dolor eligendi iste occaecati esse. Eligendi ex voluptas dolore molestiae adipisci nobis. Illo laboriosam ut quo deserunt repudiandae quos. Sit qui quis vitae impedit.', 2, '2019-06-25 07:30:57', '2019-06-25 07:30:57'),
(37, 54, 'Alaina Kihn I', 'Beatae molestiae nisi velit. A voluptates et illo quidem. Voluptatibus reprehenderit eveniet mollitia dolores accusantium doloremque.', 0, '2019-06-25 07:30:57', '2019-06-25 07:30:57'),
(38, 20, 'Hassie Price', 'Et voluptatem aut rerum dolore. Maiores eveniet eaque nihil perferendis et sed maiores. Aspernatur ratione animi maiores in sint consequatur. Quos cumque a quaerat vero placeat nihil id.', 5, '2019-06-25 07:30:57', '2019-06-25 07:30:57'),
(39, 89, 'Gene Cartwright V', 'Occaecati ut hic error deleniti ex tenetur quisquam. Dolorem at optio optio et. Officiis libero placeat eaque est et id.', 0, '2019-06-25 07:30:57', '2019-06-25 07:30:57'),
(40, 43, 'Javier Towne', 'Distinctio sed et eum voluptate nobis perspiciatis voluptatem et. Voluptatum rem consequatur ex ut.', 1, '2019-06-25 07:30:57', '2019-06-25 07:30:57'),
(41, 23, 'Tamara Gutmann', 'Tenetur dignissimos sed deleniti aut repellat sed. Adipisci eum temporibus eos nisi illum eos. Neque consequatur aliquam doloremque consectetur quos. Dolor unde officiis qui veritatis veniam unde dignissimos.', 0, '2019-06-25 07:30:57', '2019-06-25 07:30:57'),
(42, 31, 'Prof. Kali Feil', 'Aut quae laborum facere modi recusandae. Ipsam molestiae aut sit laboriosam perferendis. Accusantium ducimus maiores quas quas. Earum nihil autem iusto quia expedita.', 4, '2019-06-25 07:30:57', '2019-06-25 07:30:57'),
(43, 16, 'Mr. Rogelio Metz', 'Nulla ab et qui. Voluptatem dolorem quaerat molestias et sint. Dolor repellendus iste ex id dicta.', 2, '2019-06-25 07:30:57', '2019-06-25 07:30:57'),
(44, 30, 'Roel Bode', 'Aut quae reprehenderit eos eligendi reprehenderit animi eveniet. Quo qui aut corrupti expedita. Assumenda esse quia sint consequatur. Minima eos dicta earum ab porro eos.', 2, '2019-06-25 07:30:57', '2019-06-25 07:30:57'),
(45, 10, 'Mr. Reinhold Corwin V', 'Harum fuga consequatur occaecati. Maxime ullam asperiores aspernatur nam ut mollitia facere optio. Possimus dolore sed officiis iusto laborum libero accusamus. Qui omnis qui est maiores.', 5, '2019-06-25 07:30:58', '2019-06-25 07:30:58'),
(46, 23, 'Kody O\'Hara', 'Eveniet consequuntur illum id quo ut. Consequuntur eum maiores harum molestiae ad sit. Libero voluptatem amet dicta excepturi. Rerum facere rerum et eaque iusto libero natus.', 1, '2019-06-25 07:30:58', '2019-06-25 07:30:58'),
(47, 76, 'Hertha Klein', 'Blanditiis alias sunt qui nam odio amet qui. Sit omnis alias quo vel optio ea hic.', 1, '2019-06-25 07:30:58', '2019-06-25 07:30:58'),
(48, 96, 'Ambrose Anderson', 'Voluptatem et aperiam aut et. Harum omnis provident id accusantium. Aut dolorem nam quia. Incidunt sunt error doloremque qui.', 5, '2019-06-25 07:30:58', '2019-06-25 07:30:58'),
(49, 22, 'Mrs. Shanel Raynor', 'Optio qui aliquam cumque eos velit. Dolores et ab deserunt ratione aspernatur.', 1, '2019-06-25 07:30:58', '2019-06-25 07:30:58'),
(50, 100, 'Miss Ashleigh Conroy DDS', 'Beatae veniam et amet eveniet sed repellat dignissimos qui. Harum magnam voluptas non vitae qui quis tenetur. Dolore ea et eum quia et.', 4, '2019-06-25 07:30:58', '2019-06-25 07:30:58'),
(51, 89, 'Brendan Hettinger IV', 'Eos quia sint asperiores. Pariatur delectus voluptatum ut dolores facere itaque. Maiores vero velit pariatur ipsa.', 5, '2019-06-25 07:30:58', '2019-06-25 07:30:58'),
(52, 60, 'Prof. Emmanuel Luettgen V', 'Voluptatem qui aut vero aut id deserunt nihil. Quia rem sed optio unde aliquam. A atque nisi dignissimos odio autem.', 5, '2019-06-25 07:30:58', '2019-06-25 07:30:58'),
(53, 84, 'Mrs. Dortha Brown', 'Maxime qui dolorem assumenda. Vel culpa sed illum et facere.', 4, '2019-06-25 07:30:58', '2019-06-25 07:30:58'),
(54, 72, 'Kenna Brekke', 'Velit eveniet modi deleniti sed sunt recusandae maxime suscipit. Maxime ad sint ut quam iusto ullam. Sit perspiciatis possimus debitis explicabo. Sed illum quaerat numquam. Aspernatur porro voluptates nisi.', 1, '2019-06-25 07:30:58', '2019-06-25 07:30:58'),
(55, 7, 'Mrs. Meaghan Mills', 'Facilis atque sit dicta quae optio nesciunt. Tenetur est eum ut ut quasi velit. Qui vel distinctio non tenetur dolore illo libero.', 0, '2019-06-25 07:30:58', '2019-06-25 07:30:58'),
(56, 80, 'Serenity Bogan', 'Corrupti magnam architecto ipsa quis ut eligendi. Velit perspiciatis voluptatem porro consequuntur dolores molestiae. Rem fugit ipsam illum architecto libero ab explicabo.', 0, '2019-06-25 07:30:58', '2019-06-25 07:30:58'),
(57, 92, 'Ransom Marks', 'Nesciunt aut non aut ipsa odio sunt et. Ea reprehenderit veritatis aspernatur quia aspernatur. Dolore incidunt enim cum et asperiores asperiores ut dicta.', 5, '2019-06-25 07:30:58', '2019-06-25 07:30:58'),
(58, 19, 'Serena Ward I', 'Qui quaerat et excepturi necessitatibus quae. Minima in quia modi optio laborum rerum consequuntur corrupti. Id sint laudantium ut autem voluptas. Id corrupti fugit corrupti porro iusto quos architecto. Laborum officia dignissimos mollitia suscipit rerum.', 2, '2019-06-25 07:30:58', '2019-06-25 07:30:58'),
(59, 12, 'Prof. Alicia Bernier', 'Fugiat natus ut maxime sunt repellendus. Sed modi quo dolores itaque corporis nesciunt blanditiis. Commodi ut voluptas necessitatibus eos. Vel ipsa autem voluptatem magnam esse ducimus ex.', 4, '2019-06-25 07:30:58', '2019-06-25 07:30:58'),
(60, 93, 'Tommie Bosco', 'Sapiente ipsam totam cupiditate fugiat sint. Aperiam fuga id odio iure vel sunt similique. Eum sapiente rerum ut eaque voluptatibus quas et.', 5, '2019-06-25 07:30:58', '2019-06-25 07:30:58'),
(61, 91, 'Lela Mertz', 'Labore saepe eaque sequi debitis numquam omnis aut. Earum inventore asperiores sit quasi suscipit magni. Unde dolore voluptates accusamus omnis facilis. Quas dolores ab id quis. Ut atque fugiat ullam.', 1, '2019-06-25 07:30:58', '2019-06-25 07:30:58'),
(62, 31, 'Dr. Alexander Mosciski', 'Nisi assumenda sint ut assumenda ullam libero praesentium. Veniam autem nihil in eveniet quisquam optio. Vitae doloremque voluptatem quam quas suscipit explicabo quas.', 3, '2019-06-25 07:30:58', '2019-06-25 07:30:58'),
(63, 87, 'Randal Daugherty DVM', 'Eius dignissimos non suscipit rerum adipisci expedita. Qui eius cupiditate fugiat et molestias occaecati reprehenderit.', 3, '2019-06-25 07:30:58', '2019-06-25 07:30:58'),
(64, 95, 'Prof. Delbert Connelly', 'Sapiente at aut qui debitis accusamus est dolorum. Occaecati vero omnis repellendus quas eos molestiae. Occaecati accusamus ea perferendis sint.', 5, '2019-06-25 07:30:58', '2019-06-25 07:30:58'),
(65, 37, 'Elissa Hauck', 'Omnis et eum rerum recusandae aliquam. Magnam hic quae iure nulla nesciunt vero. Ipsam eaque rem ab inventore officiis. Dolorum tempora harum consequatur repellat aut quas.', 5, '2019-06-25 07:30:58', '2019-06-25 07:30:58'),
(66, 24, 'Orval Lueilwitz', 'Quas numquam sed consequatur non quibusdam iusto. Vitae dolorum porro excepturi libero autem iste natus. Eaque quo repudiandae ut.', 1, '2019-06-25 07:30:58', '2019-06-25 07:30:58'),
(67, 85, 'Dr. Sage Ritchie', 'Quae adipisci est explicabo eos accusamus itaque voluptates. Voluptas dolorem delectus harum. Non quasi hic soluta. Quia ipsam cupiditate est similique excepturi.', 0, '2019-06-25 07:30:58', '2019-06-25 07:30:58'),
(68, 28, 'Dr. Roger Tromp', 'Voluptatem autem at est et quas sit cum. Incidunt culpa vel ea excepturi deleniti ea incidunt. Blanditiis officia magni ut ut.', 5, '2019-06-25 07:30:58', '2019-06-25 07:30:58'),
(69, 69, 'Kaitlin Parisian', 'Ratione qui qui consequatur repellendus sed ipsum qui. Aut corrupti et molestias. Autem est a et aut.', 3, '2019-06-25 07:30:58', '2019-06-25 07:30:58'),
(70, 54, 'Zachery Cummerata', 'Et ut ad natus dicta. Quaerat numquam quod id eos quae.', 4, '2019-06-25 07:30:58', '2019-06-25 07:30:58'),
(71, 25, 'Mr. Charles Collier Jr.', 'Soluta quasi harum soluta inventore laudantium eius. Aliquid exercitationem ducimus quibusdam laborum doloribus. Velit iusto non voluptas sed tenetur.', 3, '2019-06-25 07:30:58', '2019-06-25 07:30:58'),
(72, 56, 'Deonte Dach', 'Placeat quas accusantium ipsa accusantium non ut sapiente. Nemo odit autem atque quo in numquam inventore. Sit reprehenderit qui ab ipsum ut praesentium dolor. Necessitatibus consequuntur exercitationem rerum non.', 5, '2019-06-25 07:30:58', '2019-06-25 07:30:58'),
(73, 97, 'Paul Satterfield', 'Reprehenderit sit nobis adipisci deserunt vitae fugit repellendus. Possimus qui est molestiae nobis ullam ut. Debitis est impedit quae dolores eius labore. Saepe aut odit non cupiditate.', 5, '2019-06-25 07:30:58', '2019-06-25 07:30:58'),
(74, 98, 'Prof. Ethelyn Schneider II', 'Dolorem molestiae quibusdam ab rem autem voluptas. Voluptate ut recusandae sequi voluptates exercitationem eos. Molestiae et ullam consequatur.', 4, '2019-06-25 07:30:58', '2019-06-25 07:30:58'),
(75, 62, 'Ashley Morissette', 'Temporibus architecto sint quisquam. Velit laudantium vero quaerat omnis blanditiis corporis. Aut magni qui quo inventore velit natus.', 1, '2019-06-25 07:30:59', '2019-06-25 07:30:59'),
(76, 24, 'Mr. Dock D\'Amore', 'Eius iusto enim sed incidunt reprehenderit et. Laborum ut quia occaecati quas autem fugiat. Fuga voluptatem ad ab perspiciatis sit accusamus qui.', 1, '2019-06-25 07:30:59', '2019-06-25 07:30:59'),
(77, 60, 'Ms. Fay Williamson', 'Dolorem dolores magnam aliquid ipsam rerum non illo. Sequi modi dolorum ratione unde unde quis quaerat. Vel voluptatem eius laudantium et modi fugiat. Omnis iste velit ut dolorem.', 3, '2019-06-25 07:30:59', '2019-06-25 07:30:59'),
(78, 62, 'Jessica Hagenes', 'Culpa porro maxime dolor voluptatem consequatur quia eligendi. Suscipit voluptatem ipsum voluptatibus aut. Voluptatem quasi sunt quos autem quisquam voluptatem. Perferendis sequi qui qui recusandae voluptatum.', 2, '2019-06-25 07:30:59', '2019-06-25 07:30:59'),
(79, 84, 'Leda Barrows', 'Perspiciatis nobis non in ut veritatis esse suscipit. Consequatur omnis et sit et doloribus. Perspiciatis omnis non omnis aliquam vitae et et.', 2, '2019-06-25 07:30:59', '2019-06-25 07:30:59'),
(80, 10, 'Jamarcus Cruickshank', 'Rerum fuga vero at facilis veniam fugit. Sit et voluptates nemo aut. Quisquam vitae ex aspernatur recusandae.', 1, '2019-06-25 07:30:59', '2019-06-25 07:30:59'),
(81, 100, 'Taya Feil', 'Beatae aliquam dicta qui laborum doloremque reprehenderit possimus. Sit omnis unde vero animi qui asperiores nobis. Harum et perferendis perferendis quia tempora illo hic. Omnis animi cupiditate non nam eos error aliquam.', 3, '2019-06-25 07:30:59', '2019-06-25 07:30:59'),
(82, 66, 'Tremayne Johnston', 'Nihil eaque voluptate et tenetur voluptatum explicabo consequuntur optio. Dolores dolorem voluptas aut est maxime dolor maxime. Omnis suscipit ut aut consequatur velit corporis. Incidunt asperiores eum libero itaque eveniet id et.', 2, '2019-06-25 07:30:59', '2019-06-25 07:30:59'),
(83, 7, 'Miss Freeda Durgan I', 'Quisquam voluptatem quos sit dignissimos voluptate et. Ratione laudantium ullam ut maxime. Veniam ea placeat est aliquid vel dignissimos suscipit ipsum.', 0, '2019-06-25 07:30:59', '2019-06-25 07:30:59'),
(84, 40, 'Ernestine Osinski', 'Non libero deserunt nobis illo repellendus vel tempora. Eveniet numquam neque saepe alias rerum corporis qui et. Eum fugiat inventore officia omnis totam. Atque dolorem cum architecto quam. Et nihil quo dolore mollitia architecto dolores.', 5, '2019-06-25 07:30:59', '2019-06-25 07:30:59'),
(85, 80, 'Toy Greenholt MD', 'Dolorum excepturi facilis dignissimos aut odio ut cumque. Labore aspernatur dicta adipisci nobis omnis. Inventore et recusandae et omnis omnis. Laboriosam molestiae aut sed id recusandae rerum.', 0, '2019-06-25 07:30:59', '2019-06-25 07:30:59'),
(86, 6, 'Micah Schowalter', 'Necessitatibus corrupti aliquid blanditiis atque sed voluptates itaque. Aut cupiditate harum commodi quia fuga. Aut molestiae error optio odit ut id.', 4, '2019-06-25 07:30:59', '2019-06-25 07:30:59'),
(87, 77, 'Ms. Chelsea Towne IV', 'Sed porro quas dicta earum eos qui doloribus. Est deserunt qui adipisci.', 5, '2019-06-25 07:30:59', '2019-06-25 07:30:59'),
(88, 79, 'Prof. Jesus Wisozk DDS', 'Iste modi deserunt atque eaque enim sapiente cupiditate. Voluptatem eligendi voluptates in. Molestiae placeat quia consequatur natus. Itaque occaecati nihil omnis voluptatem. Eos dolores incidunt ut placeat deleniti sunt et.', 2, '2019-06-25 07:30:59', '2019-06-25 07:30:59'),
(89, 35, 'Tina Torp', 'At accusantium quibusdam necessitatibus deserunt. Omnis voluptas molestias quia aut nostrum unde.', 0, '2019-06-25 07:30:59', '2019-06-25 07:30:59'),
(90, 56, 'Constance Lynch MD', 'Et a vel cum molestiae. Dolor delectus sequi iusto aliquid temporibus alias. Exercitationem aut et veritatis praesentium sapiente accusantium. Nihil et dicta quibusdam.', 2, '2019-06-25 07:30:59', '2019-06-25 07:30:59'),
(91, 48, 'Gillian Kuphal', 'Et eaque perferendis ut consequatur corporis ut. Et nihil aperiam ea quis ut. Architecto laudantium voluptates distinctio autem nihil architecto et. Blanditiis ipsum itaque nam ex rem.', 1, '2019-06-25 07:30:59', '2019-06-25 07:30:59'),
(92, 21, 'Elissa Kris', 'Numquam voluptatem laborum commodi officiis aut et. Voluptas debitis nam adipisci eaque. Suscipit veritatis sit aut quo voluptas ex omnis.', 0, '2019-06-25 07:30:59', '2019-06-25 07:30:59'),
(93, 63, 'Dariana Zboncak', 'Libero ea aperiam nisi laborum. Sapiente cumque laborum debitis distinctio ut non velit. Numquam delectus debitis fugit exercitationem.', 2, '2019-06-25 07:30:59', '2019-06-25 07:30:59'),
(94, 24, 'Javonte Beatty', 'Cupiditate praesentium repudiandae aut. Sapiente sed ratione similique eum. Dolor omnis dolores ut. Quibusdam consequatur aut error quia ut atque at consequatur.', 0, '2019-06-25 07:30:59', '2019-06-25 07:30:59'),
(95, 47, 'Dr. Ted Metz', 'Quis qui aliquid repellat ut qui illum voluptates. Ut dolores sit eum minus.', 2, '2019-06-25 07:30:59', '2019-06-25 07:30:59'),
(96, 83, 'Dr. Kraig Brekke', 'Consequatur rerum impedit laudantium ea vero saepe. Deserunt officiis ad et vitae sit voluptate placeat. Occaecati dignissimos rerum ullam et repellat sunt cumque. Fugiat et voluptatibus quam quos consequatur porro non fugiat.', 2, '2019-06-25 07:30:59', '2019-06-25 07:30:59'),
(97, 1, 'Elvera Mills', 'Et nobis nulla quas. Occaecati perferendis eos aut facere ipsum alias. Voluptatem est autem dolorum vitae autem nam. Placeat iure ipsam facilis et voluptatem ut.', 2, '2019-06-25 07:30:59', '2019-06-25 07:30:59'),
(98, 39, 'Prof. Jimmie Abshire', 'Mollitia id dolor laboriosam officiis expedita. Doloremque perferendis voluptatem earum doloremque molestias. Est inventore eum rerum voluptatem nihil neque. Deleniti velit nulla dolor.', 1, '2019-06-25 07:30:59', '2019-06-25 07:30:59'),
(99, 73, 'Darryl Leffler', 'Fugiat ratione deleniti assumenda libero enim non. Voluptas incidunt earum velit sequi aut et sunt. Occaecati maxime consequatur illo enim.', 4, '2019-06-25 07:30:59', '2019-06-25 07:30:59'),
(100, 35, 'Vesta Jones', 'Voluptatem qui molestiae explicabo ut optio soluta quis. Quidem eaque sequi placeat est minus nemo.', 5, '2019-06-25 07:30:59', '2019-06-25 07:30:59'),
(101, 67, 'Mara Gerhold MD', 'Dolores dolores impedit ut aliquam enim sed. Quo est qui dolorem error consectetur. Cum et sed iure repellat ex voluptatem omnis fugit. Nisi quis repellat quae sunt reiciendis porro. Consequatur reiciendis quibusdam iusto temporibus.', 4, '2019-06-25 07:30:59', '2019-06-25 07:30:59'),
(102, 48, 'Dorthy Marquardt', 'Quibusdam fuga ratione assumenda sint eius. Qui optio qui fugit blanditiis. Reiciendis mollitia in modi atque.', 3, '2019-06-25 07:30:59', '2019-06-25 07:30:59'),
(103, 89, 'Ms. Hildegard Will', 'Modi et nemo tenetur facere amet ullam minima quasi. Quas sint doloribus eos dolorem expedita itaque. Et harum magni architecto odit tenetur.', 1, '2019-06-25 07:30:59', '2019-06-25 07:30:59'),
(104, 62, 'Prof. Kasandra Conn', 'Ea fugiat velit ut veniam consequatur est in. Totam blanditiis illo exercitationem quisquam vel reprehenderit voluptate eius. Est id expedita ut. Natus optio blanditiis eligendi quis aut unde.', 0, '2019-06-25 07:31:00', '2019-06-25 07:31:00'),
(105, 89, 'Laurence Hudson PhD', 'Qui consequatur modi optio doloribus minus est libero. Earum atque porro quidem doloremque asperiores quas occaecati vero. Hic sed dolorem culpa laudantium quidem cum amet nobis. Eos suscipit autem optio tempore ut sit saepe dolores.', 5, '2019-06-25 07:31:00', '2019-06-25 07:31:00'),
(106, 18, 'Dr. Monty Sanford II', 'Dolorem rerum doloribus et. Aut rerum deleniti cum dolorem aspernatur. Deserunt enim rerum quos.', 0, '2019-06-25 07:31:00', '2019-06-25 07:31:00'),
(107, 41, 'Leland Lubowitz', 'Minus qui voluptatibus quo sit architecto. Recusandae ex alias distinctio omnis voluptates. Id modi quod architecto ut. Dignissimos et sit minus.', 0, '2019-06-25 07:31:00', '2019-06-25 07:31:00'),
(108, 2, 'Paul Eichmann', 'Fugiat fuga et expedita ipsum ipsam voluptatem molestias et. Repudiandae blanditiis veritatis ut quod est. Quasi explicabo deleniti enim iusto velit quam.', 2, '2019-06-25 07:31:00', '2019-06-25 07:31:00'),
(109, 59, 'Madelyn Macejkovic', 'Voluptatem quo omnis quisquam quo assumenda voluptas sunt consequatur. Voluptas enim dolore veniam.', 5, '2019-06-25 07:31:00', '2019-06-25 07:31:00'),
(110, 82, 'Soledad Leffler I', 'Vero dolores est odit rerum excepturi iure veritatis. Ut quia occaecati voluptate culpa repellat. Qui dolores et et rerum ut rerum. Qui accusantium ad necessitatibus asperiores hic aut. Vel eius voluptatem aut ex qui.', 3, '2019-06-25 07:31:00', '2019-06-25 07:31:00'),
(111, 93, 'Mr. Dexter Russel', 'Maxime eos aut tenetur natus debitis autem ad. Dolores et temporibus blanditiis ut. Occaecati maxime officiis voluptatem ut voluptatum dolores.', 0, '2019-06-25 07:31:00', '2019-06-25 07:31:00'),
(112, 98, 'Gretchen Stroman', 'Libero ducimus consectetur enim repudiandae. Fuga dolorem aut inventore facilis ratione. Perferendis voluptatem ipsum dolores harum exercitationem nostrum sint.', 0, '2019-06-25 07:31:00', '2019-06-25 07:31:00'),
(113, 55, 'Dr. Gia Steuber', 'Culpa magnam iste voluptatem libero est qui. Doloremque nostrum nam ut vitae. Amet dolor omnis maiores facere dignissimos rem. Id magni sed eveniet at asperiores.', 0, '2019-06-25 07:31:00', '2019-06-25 07:31:00'),
(114, 32, 'Dr. River Zboncak', 'Voluptatibus magni mollitia aliquid officiis sequi. Ea sit et qui rerum aliquid veritatis. Dolores aut adipisci doloremque dicta esse. Dolore dolores enim neque porro ea rerum.', 4, '2019-06-25 07:31:00', '2019-06-25 07:31:00'),
(115, 27, 'Fausto Crist', 'Error aut qui dignissimos voluptas eveniet praesentium. Fugit minus eaque veritatis qui dolorum. Eos culpa aliquam labore nam. Veniam pariatur est labore dolorum quo.', 5, '2019-06-25 07:31:00', '2019-06-25 07:31:00'),
(116, 92, 'Kari Considine', 'Quaerat rerum provident doloribus id. Eveniet ad iure nemo unde est esse. Et ut amet asperiores voluptatem eius pariatur. Ut voluptatem distinctio dicta distinctio earum praesentium eos.', 1, '2019-06-25 07:31:00', '2019-06-25 07:31:00'),
(117, 2, 'Dameon Fay', 'Dignissimos eos et harum molestiae expedita. Delectus in quidem provident voluptas corrupti voluptates maiores. Eos laborum aut vero labore fugit velit aut nihil.', 1, '2019-06-25 07:31:00', '2019-06-25 07:31:00'),
(118, 25, 'Merlin Wyman', 'Neque eligendi quae voluptatem fuga expedita esse. Omnis et quod doloribus veniam. Odit minus possimus dignissimos et natus reiciendis. Laborum reprehenderit quis blanditiis vel perspiciatis et debitis.', 4, '2019-06-25 07:31:00', '2019-06-25 07:31:00'),
(119, 14, 'Dr. Brandt Langosh', 'Reiciendis qui omnis sunt qui minima. Aut voluptates adipisci aut corrupti sunt cumque dolor. Illum sint corporis accusantium hic est enim. Expedita aut illo at assumenda totam et.', 5, '2019-06-25 07:31:00', '2019-06-25 07:31:00'),
(120, 22, 'Dudley Hammes', 'Aperiam tenetur saepe quis aspernatur fuga voluptatibus architecto. Debitis quos id mollitia sunt in.', 5, '2019-06-25 07:31:00', '2019-06-25 07:31:00'),
(121, 24, 'Elliot Rutherford', 'Hic laborum quisquam ea est. Ea commodi voluptas voluptas commodi voluptas animi consequatur.', 0, '2019-06-25 07:31:00', '2019-06-25 07:31:00'),
(122, 1, 'Spencer Powlowski', 'Recusandae nesciunt doloremque quo sequi molestiae. Aut nobis numquam quia totam quos non harum. Beatae optio dolor odit commodi laborum. Debitis sequi ea voluptatem qui fuga cupiditate.', 5, '2019-06-25 07:31:00', '2019-06-25 07:31:00'),
(123, 38, 'Burdette Christiansen', 'Alias voluptas ea quas. Et et sit consequatur sed voluptatem nobis necessitatibus odit. Unde mollitia unde praesentium ipsum tenetur non.', 3, '2019-06-25 07:31:00', '2019-06-25 07:31:00'),
(124, 16, 'Rebekah Tillman IV', 'Aut aliquam quis aliquam deleniti ab. Ullam possimus consequuntur ut sint magni vel accusantium. Fugit eos quia repudiandae quia.', 3, '2019-06-25 07:31:00', '2019-06-25 07:31:00'),
(125, 3, 'Kailee Bauch', 'Quae facere at tempore voluptatibus dolor placeat perspiciatis. Deserunt consequatur molestiae voluptatem maiores omnis. Illo quis incidunt modi.', 5, '2019-06-25 07:31:00', '2019-06-25 07:31:00'),
(126, 42, 'Delta Langworth', 'Neque porro in blanditiis aut dolorum voluptates aut. Vero sint et enim dolores quae natus. Autem veritatis maxime ullam expedita eos. Sapiente eum dolorum soluta dolor tempore corrupti. Dignissimos nisi exercitationem repellendus et deleniti deleniti rerum.', 3, '2019-06-25 07:31:00', '2019-06-25 07:31:00'),
(127, 96, 'Mrs. Zoila Wintheiser IV', 'Distinctio repellat commodi enim eligendi quo sed. Et laborum quod et voluptatem laboriosam perspiciatis. Commodi voluptatum veniam culpa quasi assumenda rerum qui nisi.', 2, '2019-06-25 07:31:00', '2019-06-25 07:31:00'),
(128, 68, 'Breanna Hudson', 'Dicta fugit atque culpa alias voluptatum optio labore. At est quo voluptas iusto similique reiciendis. Dolor tenetur omnis molestias enim incidunt aut necessitatibus. Modi optio qui qui commodi et.', 3, '2019-06-25 07:31:00', '2019-06-25 07:31:00'),
(129, 44, 'Jaron Keebler', 'Sed fugit non cupiditate pariatur incidunt et quod. Ipsam asperiores cupiditate et. Consequatur animi expedita qui ad atque atque.', 0, '2019-06-25 07:31:00', '2019-06-25 07:31:00'),
(130, 57, 'Gaston Fritsch IV', 'Ex aut quia doloribus animi vitae voluptas velit. Quo consequatur perferendis omnis earum voluptas.', 2, '2019-06-25 07:31:00', '2019-06-25 07:31:00'),
(131, 32, 'Prof. Jordi Hermann Sr.', 'Dolores voluptatem sint fugit ducimus iste. Sit rerum deleniti error ut aut. Nisi omnis harum quasi dolore illum corporis. Et iure id molestiae. Corporis dolor nihil aut aut harum pariatur.', 5, '2019-06-25 07:31:00', '2019-06-25 07:31:00'),
(132, 39, 'Janelle Tromp', 'Dolore soluta aperiam velit voluptatum sit. Explicabo minima soluta quidem corrupti consequuntur quo ipsum. Voluptatem nulla saepe voluptas ullam.', 0, '2019-06-25 07:31:00', '2019-06-25 07:31:00'),
(133, 52, 'Dolly Schamberger PhD', 'Sequi adipisci recusandae quam eum inventore magnam veritatis et. Voluptatibus sapiente dolores voluptate sint. Voluptas ipsa quis voluptatem voluptatem enim. Est eum expedita accusantium provident provident.', 5, '2019-06-25 07:31:01', '2019-06-25 07:31:01'),
(134, 63, 'Lew Hilpert', 'Qui magnam tempora commodi quia reiciendis distinctio. Cupiditate soluta repellat magni aut. At labore est omnis consequatur quo.', 2, '2019-06-25 07:31:01', '2019-06-25 07:31:01'),
(135, 7, 'Mossie Toy', 'Ea qui quisquam commodi numquam autem. Laborum voluptatum quidem neque modi ut ea. Consectetur tempora occaecati repellendus dolores explicabo consequatur consequuntur.', 0, '2019-06-25 07:31:01', '2019-06-25 07:31:01'),
(136, 22, 'Adeline Hudson Sr.', 'Recusandae illo est sit quia labore ipsa. Et et nemo culpa aut et velit sit. Qui unde ratione omnis. Distinctio aspernatur asperiores sapiente quia.', 2, '2019-06-25 07:31:01', '2019-06-25 07:31:01'),
(137, 61, 'Prof. Alexys Lehner', 'Quidem voluptate temporibus possimus facilis sit consectetur quia. Fugit voluptas et numquam harum non. Rerum aut qui recusandae. Perspiciatis a ea odit nam. Ducimus repudiandae adipisci a quia reiciendis delectus nihil.', 1, '2019-06-25 07:31:01', '2019-06-25 07:31:01'),
(138, 29, 'Mrs. Corrine Rowe MD', 'Quia sint cumque qui voluptatem. Corrupti asperiores asperiores ut quibusdam quae sequi itaque inventore. Provident blanditiis est deserunt quod nostrum quo. Aut et sapiente sequi nostrum exercitationem aut.', 3, '2019-06-25 07:31:01', '2019-06-25 07:31:01'),
(139, 23, 'Kaycee Collier', 'Minima inventore dicta quam minus. Aliquid nemo alias dolorem eum velit. Non error aut facilis eius accusantium.', 5, '2019-06-25 07:31:01', '2019-06-25 07:31:01'),
(140, 20, 'Prof. Jalen Mitchell V', 'Sit cupiditate at vero rem et aspernatur dolor aliquam. Dolores fuga quia architecto id accusantium enim sed. Voluptatem consequatur consequatur qui dolor ea ratione perspiciatis quibusdam.', 4, '2019-06-25 07:31:01', '2019-06-25 07:31:01'),
(141, 29, 'Ken Bednar IV', 'Assumenda quis ipsum ipsam ab. Ipsum necessitatibus voluptatibus doloremque nostrum. Voluptas aut nemo in asperiores.', 5, '2019-06-25 07:31:01', '2019-06-25 07:31:01'),
(142, 31, 'Deonte Schowalter V', 'Possimus dolorum ut perspiciatis dolor voluptas fugiat ut. Odit sint soluta voluptas non beatae fugit cumque. Ut rerum quas non nesciunt laborum magni qui.', 1, '2019-06-25 07:31:01', '2019-06-25 07:31:01'),
(143, 42, 'Larissa Goyette', 'Porro corporis aut aperiam. Voluptatem sit veniam voluptate ducimus cupiditate eaque voluptates.', 1, '2019-06-25 07:31:01', '2019-06-25 07:31:01'),
(144, 56, 'Ms. Eunice Wunsch Jr.', 'Enim error soluta et velit illo reiciendis. Mollitia voluptas dolor ut dolorem velit excepturi quibusdam. Voluptas in earum pariatur.', 4, '2019-06-25 07:31:01', '2019-06-25 07:31:01'),
(145, 97, 'Miracle Conn', 'Quam dolorem suscipit voluptates atque assumenda ad autem. Sequi quis ratione commodi soluta maiores. A maiores itaque voluptate autem.', 5, '2019-06-25 07:31:01', '2019-06-25 07:31:01'),
(146, 75, 'Dr. Alfonzo Kautzer', 'Distinctio ullam est quaerat deleniti in ad nam quod. Velit laborum eum iste cumque perspiciatis. Porro qui velit quasi ut optio. Fugiat sit aut quo corporis.', 1, '2019-06-25 07:31:01', '2019-06-25 07:31:01'),
(147, 94, 'Deonte Swift', 'Aspernatur ut quae deleniti. Enim rem optio tempora quaerat aut quia. Ut quaerat aperiam harum qui aut nisi. Voluptas similique illum aspernatur.', 5, '2019-06-25 07:31:01', '2019-06-25 07:31:01'),
(148, 32, 'Adrain Daniel', 'Aut dolorum deleniti est dolores. Et fugiat ad eveniet magnam aliquam sed sapiente.', 3, '2019-06-25 07:31:01', '2019-06-25 07:31:01'),
(149, 74, 'Liliane Purdy', 'A repudiandae illum magnam modi. Unde velit harum quae voluptatibus blanditiis voluptatem et nemo. Rerum ut fugit saepe. Dolores ut dolores consequatur quaerat non esse asperiores.', 5, '2019-06-25 07:31:01', '2019-06-25 07:31:01'),
(150, 78, 'Molly Kessler', 'Et rem qui cupiditate sunt est quae ea atque. Voluptatem provident laudantium quae aut eius nihil. Tempore aut incidunt quia atque. Sint laudantium mollitia ex sed voluptatem facilis quia.', 4, '2019-06-25 07:31:01', '2019-06-25 07:31:01'),
(151, 23, 'Marie Heidenreich', 'Officia molestiae eveniet aut quidem ullam accusamus. Facilis libero et rem commodi. Nihil dolor molestiae voluptatem.', 1, '2019-06-25 07:31:01', '2019-06-25 07:31:01'),
(152, 48, 'Mrs. Ollie Hermann Sr.', 'Quisquam ut et quaerat vitae ut est omnis. Ut aut vitae qui facilis. Ex pariatur voluptatem id omnis dolorum qui. Molestiae est eaque et veritatis quas.', 0, '2019-06-25 07:31:01', '2019-06-25 07:31:01'),
(153, 36, 'Prof. Wilburn Fisher', 'Et provident harum ut. Et provident quis fugiat aut. Recusandae et officiis unde labore. Voluptas illum quisquam harum aut cupiditate.', 1, '2019-06-25 07:31:01', '2019-06-25 07:31:01'),
(154, 16, 'Toney Renner', 'Rerum aperiam praesentium exercitationem quam quisquam quia dolorum. Cum delectus ducimus modi repudiandae distinctio. Ab rerum mollitia aspernatur odit aut qui omnis. Cumque doloremque eveniet voluptas et cum sed ut.', 3, '2019-06-25 07:31:01', '2019-06-25 07:31:01'),
(155, 76, 'Baby Schowalter MD', 'Doloribus perspiciatis dolores id ea voluptatum ut occaecati. Similique sapiente voluptas quia quis ut.', 5, '2019-06-25 07:31:01', '2019-06-25 07:31:01'),
(156, 81, 'Newton Wintheiser', 'Autem nihil cum natus qui adipisci laboriosam. Iste tenetur cumque saepe sunt earum consectetur. Aut alias accusantium beatae cupiditate.', 5, '2019-06-25 07:31:01', '2019-06-25 07:31:01'),
(157, 54, 'Dr. Willa Hagenes Jr.', 'Aspernatur earum est assumenda et quia quas nobis. Ad quaerat dolore repudiandae hic aliquam quia. Ut facilis dolorem maiores perspiciatis vel et. Id quia atque perspiciatis consectetur ab repudiandae.', 1, '2019-06-25 07:31:01', '2019-06-25 07:31:01'),
(158, 45, 'Pearline Sauer', 'Porro aliquam ut ducimus consequatur et vero hic aut. Dolorem dolore atque aperiam qui qui repudiandae nihil. Quas odio fugit molestiae adipisci ratione ipsam. Nihil rerum perferendis fuga reiciendis tenetur asperiores.', 5, '2019-06-25 07:31:01', '2019-06-25 07:31:01'),
(159, 98, 'Caleigh Dickinson', 'Sunt tempore dolores et qui et sunt velit. Praesentium sed unde quo quam dolorem blanditiis dolorum. Amet a iusto dolores similique perferendis. Velit occaecati eligendi rerum eum voluptas vel.', 4, '2019-06-25 07:31:01', '2019-06-25 07:31:01'),
(160, 75, 'Alberto White', 'Maiores rerum fugit quasi quia quae non omnis. Labore quae aut nihil temporibus fugit.', 3, '2019-06-25 07:31:01', '2019-06-25 07:31:01'),
(161, 85, 'Mortimer Hudson', 'At a est eligendi est autem quia a. Odit aut nostrum aliquam voluptas velit eos tempore impedit. Ut consequuntur eum sit quibusdam. Et sit ea fugiat similique qui. Consequatur nesciunt ea reiciendis quo reiciendis molestias.', 5, '2019-06-25 07:31:01', '2019-06-25 07:31:01'),
(162, 83, 'Mr. Martin Hansen', 'Sapiente qui qui natus quasi quos eum. Aut fugiat in atque cum veniam enim doloremque. Quas in dolores autem animi non dolores.', 0, '2019-06-25 07:31:01', '2019-06-25 07:31:01'),
(163, 32, 'Tamia Gibson', 'Dicta corporis laudantium quo impedit. Repudiandae facere est modi illo numquam repudiandae. Omnis dolores est laboriosam ut rerum aspernatur.', 4, '2019-06-25 07:31:02', '2019-06-25 07:31:02'),
(164, 72, 'Mr. Dave Smith Sr.', 'Omnis aspernatur delectus quia est ab et ratione alias. Sunt et et qui sunt. Tempora eum ut sit reprehenderit et saepe. Dolore itaque fuga esse porro.', 0, '2019-06-25 07:31:02', '2019-06-25 07:31:02'),
(165, 65, 'Lupe Abbott', 'Sapiente harum dignissimos nam sint sint qui deleniti. Et ad consequatur sed. Voluptate recusandae similique tempora perspiciatis numquam.', 3, '2019-06-25 07:31:02', '2019-06-25 07:31:02'),
(166, 55, 'Ms. Clotilde Murazik I', 'Accusantium illo quidem accusantium iste harum. Porro neque rerum iste asperiores architecto quia. Consequatur eaque cumque consectetur tempore. Vitae minus dolorum ut minima est impedit.', 2, '2019-06-25 07:31:02', '2019-06-25 07:31:02'),
(167, 65, 'Oral Kohler DDS', 'Aut et adipisci maiores quaerat autem est vel. Molestias vel tenetur est consectetur odit earum impedit dolor. Dolores aperiam voluptas consequatur iure odit debitis quis.', 5, '2019-06-25 07:31:02', '2019-06-25 07:31:02'),
(168, 69, 'Kip Terry', 'Non ducimus optio repellendus minima quia rerum. Mollitia at est est qui porro tenetur iure. Velit labore explicabo quos autem ut sunt. Cupiditate quia excepturi alias earum nesciunt cumque nihil.', 0, '2019-06-25 07:31:02', '2019-06-25 07:31:02'),
(169, 33, 'Laurine Kozey DVM', 'Quia et minus rerum animi consectetur incidunt inventore eos. Rerum dolores nisi aut et quia molestiae eum autem. At recusandae occaecati esse. Necessitatibus est voluptatem repudiandae nesciunt voluptatem et iure.', 5, '2019-06-25 07:31:02', '2019-06-25 07:31:02'),
(170, 87, 'Zechariah Kuhn', 'Dolores consectetur consequuntur culpa numquam aperiam officiis nihil perspiciatis. Nam omnis deleniti possimus dicta nam aut aperiam. Omnis at consequuntur temporibus molestiae id et laudantium. Laborum esse ut in maxime saepe quia.', 0, '2019-06-25 07:31:02', '2019-06-25 07:31:02'),
(171, 28, 'Mathias Zieme', 'Sit qui iste porro dicta quibusdam libero nihil debitis. Impedit qui est tenetur perferendis ipsa.', 4, '2019-06-25 07:31:02', '2019-06-25 07:31:02'),
(172, 42, 'Brett Koss', 'Rem eaque delectus eum voluptatem nostrum eligendi nihil. Quia id error veritatis adipisci sed et. Dolores voluptatibus distinctio temporibus quia expedita harum natus.', 3, '2019-06-25 07:31:02', '2019-06-25 07:31:02'),
(173, 2, 'Dr. Lora Kautzer', 'Est corporis quae illum quia modi. Et dignissimos ut et possimus odit. Vitae voluptatem excepturi autem eos tenetur adipisci quis.', 5, '2019-06-25 07:31:02', '2019-06-25 07:31:02'),
(174, 4, 'Cathryn Kilback Jr.', 'Qui aut quo voluptatibus quos eius non praesentium. Architecto aut optio assumenda unde nihil. Voluptatem voluptas blanditiis fugiat exercitationem.', 3, '2019-06-25 07:31:02', '2019-06-25 07:31:02'),
(175, 2, 'Dr. Sydnee Stoltenberg IV', 'Nihil quam nemo sed magnam. Sunt eos vel quis cumque repudiandae. Qui beatae perspiciatis est voluptatum hic. Eveniet eaque ex eius delectus commodi sequi deserunt.', 3, '2019-06-25 07:31:02', '2019-06-25 07:31:02'),
(176, 58, 'Miss Asha Crist', 'Aliquid omnis recusandae perspiciatis voluptas nemo saepe. Repellat cumque iusto exercitationem est magni. Corporis fugiat illo magni ut doloribus. Sit rem aut consequatur culpa rerum.', 5, '2019-06-25 07:31:02', '2019-06-25 07:31:02'),
(177, 44, 'Haskell Swaniawski', 'Incidunt qui sunt earum dolorem aliquid harum consequatur. Iure qui architecto amet sed aut voluptatem. Similique id ipsam aperiam corrupti sed fuga sapiente cumque. Provident nobis architecto distinctio non id esse consequatur voluptatem.', 0, '2019-06-25 07:31:02', '2019-06-25 07:31:02'),
(178, 75, 'Wilson Dach', 'Incidunt consequatur qui et alias ex mollitia quia. Ullam est dolore qui eaque aperiam assumenda. Sint consequatur aut aut dolor odit similique nihil. Quidem quia consequatur eos iusto nihil modi.', 0, '2019-06-25 07:31:02', '2019-06-25 07:31:02'),
(179, 99, 'Sophia Cartwright', 'Soluta expedita dolor corporis officia blanditiis suscipit. Quia eos deleniti omnis sunt officia odit adipisci. Aut voluptatibus vel et esse commodi molestiae. Illum vitae ullam earum laborum sed. Ratione eum quisquam soluta alias delectus provident.', 4, '2019-06-25 07:31:02', '2019-06-25 07:31:02'),
(180, 40, 'Dr. Kayleigh Ullrich MD', 'Voluptas veritatis natus alias et. Molestias nihil velit et quidem. Rerum sed ipsum et doloremque. Esse aliquam quis veniam dolores quo ad ut. Omnis rerum et nobis quia voluptas sit autem.', 4, '2019-06-25 07:31:02', '2019-06-25 07:31:02'),
(181, 48, 'Mylene Considine', 'Consequatur illo dolores aperiam enim ut mollitia. Non autem voluptatem accusamus dolores dolore numquam veniam. Numquam et cum explicabo. Doloremque sint ipsam unde eos ducimus illo excepturi.', 3, '2019-06-25 07:31:02', '2019-06-25 07:31:02'),
(182, 63, 'Verla Labadie', 'Illo rerum consequatur et dolore sunt. Mollitia voluptates hic cupiditate itaque in error ad. Repudiandae quo aut est iusto aliquid.', 3, '2019-06-25 07:31:02', '2019-06-25 07:31:02'),
(183, 83, 'Prof. Jamir Ankunding IV', 'Tenetur expedita illum accusamus omnis. Quas a accusantium voluptas sint voluptatem nihil. Voluptates rerum eius at ipsa dolores.', 2, '2019-06-25 07:31:02', '2019-06-25 07:31:02'),
(184, 77, 'Nigel Jakubowski', 'Labore iure doloribus ea nihil laborum natus. Sunt dolorum est occaecati error. Id at recusandae sint officia odio laborum porro. Et fugit vitae consectetur corrupti vitae et.', 2, '2019-06-25 07:31:03', '2019-06-25 07:31:03'),
(185, 32, 'Prof. Alia Hintz DDS', 'Porro commodi rerum dignissimos voluptas impedit. In quos voluptatem dolorem sapiente ut saepe. Ut illum in eum quae quia repellendus iste.', 5, '2019-06-25 07:31:03', '2019-06-25 07:31:03'),
(186, 84, 'Oleta Klein', 'Amet magnam in voluptatem harum rem omnis sed accusantium. Eligendi magnam quis et. Itaque impedit rerum et magnam recusandae omnis.', 5, '2019-06-25 07:31:03', '2019-06-25 07:31:03'),
(187, 97, 'Jasmin Medhurst', 'Ad atque omnis sequi quaerat provident quos. Voluptatem eum voluptates sint minima quae. Iste et quo ut mollitia voluptas.', 5, '2019-06-25 07:31:03', '2019-06-25 07:31:03'),
(188, 36, 'Shanelle Brakus', 'Quis ut non qui autem iusto doloribus ullam. Repellat dolores aut voluptatum est officia nesciunt. Tempora neque unde occaecati atque. Soluta quia pariatur repudiandae voluptatibus aut reprehenderit ut corrupti.', 3, '2019-06-25 07:31:03', '2019-06-25 07:31:03'),
(189, 93, 'Laura Hodkiewicz', 'Asperiores doloribus nemo ea dolores. Sit consequatur aut quibusdam velit illum amet. Dignissimos sint sit sed eos.', 1, '2019-06-25 07:31:03', '2019-06-25 07:31:03'),
(190, 19, 'Richie Borer', 'Sint sit aut labore praesentium unde quis odit. Quasi dolorem nam omnis eaque corrupti necessitatibus. Odit facilis cumque perspiciatis. Possimus suscipit quod est in sed nulla fuga.', 0, '2019-06-25 07:31:03', '2019-06-25 07:31:03'),
(191, 24, 'Prof. Quinn Schneider III', 'Quae pariatur repellendus vero enim. Dignissimos iure qui eum dolore voluptatibus. Est tempora aut ab. Hic sunt tempore ut quia aut.', 0, '2019-06-25 07:31:03', '2019-06-25 07:31:03'),
(192, 14, 'Leon Moore V', 'Sequi totam libero dignissimos eos. Modi est magni eum ut ipsam quia. Rem exercitationem velit neque et.', 2, '2019-06-25 07:31:03', '2019-06-25 07:31:03'),
(193, 33, 'Imelda Block', 'Culpa delectus praesentium sed quam consequatur suscipit tenetur. Labore hic recusandae doloremque et laudantium. Deleniti dolor autem molestias voluptatem soluta.', 3, '2019-06-25 07:31:03', '2019-06-25 07:31:03'),
(194, 67, 'Rashad Parisian Sr.', 'Asperiores corporis recusandae consequatur vitae quibusdam eligendi sit. Aperiam temporibus dignissimos culpa voluptatem. Fugit voluptatem sint reiciendis ipsam sed nemo non. Et non corrupti sint autem.', 4, '2019-06-25 07:31:03', '2019-06-25 07:31:03'),
(195, 48, 'Dr. Liana Sipes', 'Amet odit sapiente voluptas rerum deleniti nostrum blanditiis. Ut illo cumque iste doloribus. Rerum ducimus est necessitatibus nulla dolores et perspiciatis. Distinctio minus numquam architecto cumque nisi.', 4, '2019-06-25 07:31:03', '2019-06-25 07:31:03'),
(196, 49, 'Ariane Ondricka Sr.', 'Expedita consequatur sapiente sunt quae. Rerum velit praesentium et magni temporibus. Ut impedit est ad aut magnam et dolores.', 0, '2019-06-25 07:31:03', '2019-06-25 07:31:03'),
(197, 27, 'Elton Waelchi', 'Numquam nemo qui omnis laborum voluptatibus repellendus. Ut nemo officiis consequatur architecto ad. Vel nam labore id. Repellat corrupti alias nam maiores distinctio autem saepe. Itaque non mollitia exercitationem blanditiis alias dolorum.', 3, '2019-06-25 07:31:03', '2019-06-25 07:31:03'),
(198, 59, 'Miss Marcelina O\'Conner', 'Officia sint ipsum voluptatum cumque maxime nulla recusandae. Ut eum placeat neque omnis accusamus ut. Voluptas quidem similique dicta ut eius voluptatum. Quae blanditiis accusantium ut rerum.', 2, '2019-06-25 07:31:03', '2019-06-25 07:31:03'),
(199, 55, 'Mrs. Leatha Rowe DDS', 'Ipsa repellat et et. Sit rerum ad provident cum incidunt ducimus. Recusandae architecto amet aperiam eligendi deserunt cupiditate quaerat. Occaecati dolorem aut unde nam veritatis maxime dolorem itaque.', 5, '2019-06-25 07:31:03', '2019-06-25 07:31:03'),
(200, 64, 'Guillermo Jenkins', 'Aut animi sed tenetur dolorem ipsum eos. Praesentium beatae quas officia dolor sed tempora. Blanditiis soluta totam deleniti ullam iste. Esse aperiam id quibusdam minima.', 2, '2019-06-25 07:31:03', '2019-06-25 07:31:03'),
(201, 5, 'Mellie Hettinger', 'Velit ex voluptatem a expedita culpa praesentium labore. Nemo quae voluptatibus qui qui ipsum vero quo nesciunt. Quia aut labore quidem vitae ipsum. Dignissimos et officia aperiam blanditiis voluptas quaerat officiis est.', 0, '2019-06-25 07:31:03', '2019-06-25 07:31:03'),
(202, 24, 'Ms. Maymie Hansen', 'Ea accusamus debitis aut quo repudiandae aspernatur delectus et. Modi pariatur facere consequuntur voluptas libero. Similique veniam suscipit praesentium velit. Praesentium mollitia voluptatem quidem qui fuga ratione dolor.', 3, '2019-06-25 07:31:03', '2019-06-25 07:31:03'),
(203, 62, 'Alexa Jast', 'Dolorem ut dolores ex rem ducimus quis architecto. Neque est odio ipsam inventore modi accusantium eligendi reprehenderit. Quasi vel velit est qui beatae voluptatem dolor.', 0, '2019-06-25 07:31:03', '2019-06-25 07:31:03'),
(204, 62, 'Mr. Muhammad Mosciski Sr.', 'Atque impedit adipisci sed. Iste fuga numquam molestiae mollitia in facere consequatur. Est accusamus tempora facere minima.', 2, '2019-06-25 07:31:03', '2019-06-25 07:31:03'),
(205, 32, 'Alaina Hills', 'Est nihil ex ratione ut. Eum nihil mollitia occaecati. Quibusdam exercitationem reprehenderit iusto.', 0, '2019-06-25 07:31:03', '2019-06-25 07:31:03'),
(206, 7, 'Isabel Murphy DVM', 'Possimus quia praesentium quia quia quia est pariatur. Totam odio qui est omnis cupiditate praesentium laudantium. Labore voluptas rerum consequatur ipsa omnis. Quis amet quia et quasi ut ratione. Vel ex cum veritatis non facere.', 0, '2019-06-25 07:31:03', '2019-06-25 07:31:03');
INSERT INTO `reviews` (`id`, `product_id`, `customer`, `review`, `star`, `created_at`, `updated_at`) VALUES
(207, 87, 'Queenie Steuber', 'Sint rem culpa itaque sit provident modi consequatur. Dicta dolores enim placeat iste nemo. Consequatur eveniet nisi impedit excepturi qui consequatur deleniti. Tempora sit non quis dolore amet quae.', 2, '2019-06-25 07:31:03', '2019-06-25 07:31:03'),
(208, 8, 'Gage Rolfson DDS', 'Autem earum recusandae odio doloremque labore. Sapiente voluptate ut odio fugit enim. Est molestias laboriosam nihil odit voluptatem veniam aut.', 4, '2019-06-25 07:31:03', '2019-06-25 07:31:03'),
(209, 48, 'Mr. Greg VonRueden', 'Ab occaecati doloribus qui deserunt. Beatae fuga dolorum aut voluptas qui est. Repellendus qui nostrum eum nemo. Vel deserunt velit minima vel ut rem voluptatem.', 0, '2019-06-25 07:31:04', '2019-06-25 07:31:04'),
(210, 49, 'Annetta Marvin', 'Accusantium rerum eum ut aut dolorem. Et praesentium laborum sint ut dignissimos sunt et ipsam. Quos quisquam quasi neque officiis velit. Est quas consequuntur sunt et nam.', 5, '2019-06-25 07:31:04', '2019-06-25 07:31:04'),
(211, 24, 'Prof. Velda Anderson', 'Suscipit quis cumque consequatur rem architecto velit sunt. Sed dolor rerum adipisci magnam. Adipisci perferendis expedita recusandae numquam nisi.', 3, '2019-06-25 07:31:04', '2019-06-25 07:31:04'),
(212, 60, 'Maida Kub', 'Minima quaerat in assumenda fuga et dolorum. Officiis quia eum dolore impedit illo velit possimus. Fugit ullam sint sunt et consequuntur.', 5, '2019-06-25 07:31:04', '2019-06-25 07:31:04'),
(213, 72, 'Loy Spinka', 'Harum laborum occaecati veritatis corrupti velit nostrum repudiandae consequatur. Architecto incidunt quia consequatur voluptas. Iste laborum repudiandae eius quis et.', 1, '2019-06-25 07:31:04', '2019-06-25 07:31:04'),
(214, 47, 'Jakob Heidenreich Jr.', 'Et aperiam voluptas aut suscipit laudantium et. Temporibus exercitationem iste eligendi sit nemo rerum et. Aspernatur esse cum et et ex dolorem ut.', 4, '2019-06-25 07:31:04', '2019-06-25 07:31:04'),
(215, 57, 'Margarett Cormier', 'Adipisci tenetur rerum impedit occaecati nisi laborum tempora. Aliquid qui at distinctio labore quos. Voluptates animi in maiores odio incidunt officia nobis.', 0, '2019-06-25 07:31:04', '2019-06-25 07:31:04'),
(216, 19, 'Willie Kris', 'Excepturi aut sequi perspiciatis. Enim eaque vitae quam corrupti exercitationem soluta. Reprehenderit sunt facilis voluptas officia enim enim et laborum.', 5, '2019-06-25 07:31:04', '2019-06-25 07:31:04'),
(217, 79, 'Prof. Frank Bartell', 'Provident dicta quas atque maiores dolor voluptatum eveniet laborum. Sit illo non repellendus quis nisi. Repellendus voluptas magnam quam consequatur tenetur quo earum. Id aut voluptatem omnis sunt.', 1, '2019-06-25 07:31:04', '2019-06-25 07:31:04'),
(218, 86, 'Yvonne Kihn', 'Quo at enim blanditiis laborum cupiditate. Et non quia asperiores omnis temporibus. Iste aut molestias fuga repellendus autem architecto voluptas. Ea aut dolorem dolorem dolor quasi enim eveniet dolor. Placeat nisi dolor officia iure ad sapiente.', 5, '2019-06-25 07:31:04', '2019-06-25 07:31:04'),
(219, 56, 'Gilberto Breitenberg', 'Aut soluta voluptas quia nam. Repellendus hic illo rerum. Qui hic tenetur voluptatem vero cumque explicabo est. Nam in sed consequatur eaque.', 1, '2019-06-25 07:31:04', '2019-06-25 07:31:04'),
(220, 21, 'Prof. Sandra Hermiston', 'Aut hic ut quod cum. Quae illo ipsum rerum tempora. Eum ut adipisci quia odit. At nobis sit illo suscipit voluptates expedita magnam occaecati.', 0, '2019-06-25 07:31:04', '2019-06-25 07:31:04'),
(221, 100, 'Jairo Mraz', 'Molestias harum nostrum aspernatur magni. Mollitia non odio eum et ad. Id error praesentium sed qui molestias. Molestias quis ducimus tempora impedit.', 4, '2019-06-25 07:31:04', '2019-06-25 07:31:04'),
(222, 45, 'Antoinette Huels', 'Dolores rerum aperiam dicta. Eveniet nostrum sint quam nam qui fugit rerum. Expedita dicta aspernatur nam dicta.', 1, '2019-06-25 07:31:04', '2019-06-25 07:31:04'),
(223, 18, 'Giovanna Senger', 'Nisi dolores odio quia debitis. Ea doloremque incidunt ea quas commodi. Dolor aperiam numquam et porro quaerat. In ut quibusdam qui voluptatem.', 5, '2019-06-25 07:31:04', '2019-06-25 07:31:04'),
(224, 85, 'Gillian Pollich', 'Ipsam in velit ducimus cum ipsa. Expedita unde quasi omnis et suscipit rerum magni. Numquam magni eos et qui.', 2, '2019-06-25 07:31:04', '2019-06-25 07:31:04'),
(225, 46, 'Lisa Bergstrom', 'Neque in alias dolore qui voluptas. Quasi recusandae debitis nobis inventore tempora minus. Error sed doloribus corporis officia deleniti.', 2, '2019-06-25 07:31:04', '2019-06-25 07:31:04'),
(226, 29, 'Connie Ernser', 'Illo earum eos quidem aut nisi corporis beatae. Culpa necessitatibus sit quidem commodi sed. Qui atque voluptas consequatur exercitationem est ducimus dolore. Nobis cupiditate eaque aut ullam omnis sed.', 0, '2019-06-25 07:31:04', '2019-06-25 07:31:04'),
(227, 33, 'Madelynn Schroeder', 'Et sint aut sapiente delectus sunt. Voluptatem molestias et voluptatem dicta eveniet laboriosam. Laudantium accusantium rerum laborum molestiae aperiam mollitia assumenda necessitatibus. A soluta provident ab soluta ipsam.', 0, '2019-06-25 07:31:04', '2019-06-25 07:31:04'),
(228, 35, 'Miguel Marks', 'Eos ratione iure nesciunt. Sunt aut sit ut omnis veniam asperiores eligendi. Consectetur et cumque ut placeat. Ut iusto voluptatibus reiciendis voluptatem assumenda ex.', 5, '2019-06-25 07:31:04', '2019-06-25 07:31:04'),
(229, 70, 'Holden Kunde', 'Nobis aliquam autem doloremque iusto maiores sit nisi. Id et ullam porro iure. Dolore quibusdam est rem mollitia. Iure voluptatem consectetur debitis quia ea veniam.', 4, '2019-06-25 07:31:04', '2019-06-25 07:31:04'),
(230, 99, 'Alexie Blanda', 'Sit officia natus commodi similique. Eveniet repudiandae labore sed. Et fugit sapiente minima eaque exercitationem vel. Et sed ullam beatae culpa.', 5, '2019-06-25 07:31:04', '2019-06-25 07:31:04'),
(231, 99, 'Johnson Paucek', 'Velit laborum rerum quaerat suscipit repudiandae. Dolorem aspernatur accusamus qui pariatur quis. Porro dolorem et dolor qui ratione qui enim.', 5, '2019-06-25 07:31:04', '2019-06-25 07:31:04'),
(232, 52, 'Dr. Coby Watsica', 'Rerum quis repellendus accusamus atque aliquam. Sit atque illum fugit qui. Assumenda quas provident non. Nulla unde enim sit autem. Pariatur velit veniam distinctio.', 3, '2019-06-25 07:31:04', '2019-06-25 07:31:04'),
(233, 95, 'Reanna Moore', 'Aut perferendis corrupti officia provident sit ipsum. Deleniti perferendis sed et laborum enim nihil. Sed suscipit et ea aut.', 0, '2019-06-25 07:31:04', '2019-06-25 07:31:04'),
(234, 53, 'Addison Bauch', 'Alias fugiat dolorum illo et consequatur animi placeat et. Est omnis ut consequatur officiis. Fugiat qui debitis repudiandae velit minima. Et consequatur corrupti qui natus.', 4, '2019-06-25 07:31:04', '2019-06-25 07:31:04'),
(235, 11, 'Ramon Huel', 'Aliquid similique est cupiditate adipisci voluptas. Similique fugiat impedit earum ducimus minus. Autem voluptatibus sed ducimus quisquam qui repudiandae itaque.', 3, '2019-06-25 07:31:04', '2019-06-25 07:31:04'),
(236, 72, 'Joany Greenholt', 'Qui voluptatem unde non eius eum praesentium culpa maiores. A rerum voluptatem quas. Similique est eum assumenda dignissimos aspernatur. Laudantium eveniet maiores laborum accusamus officiis fugiat facere necessitatibus.', 0, '2019-06-25 07:31:05', '2019-06-25 07:31:05'),
(237, 30, 'Darian Wehner', 'Dolor inventore omnis ut molestias. Voluptas et ut et provident saepe delectus. Accusantium a saepe eos temporibus.', 4, '2019-06-25 07:31:05', '2019-06-25 07:31:05'),
(238, 16, 'Roel Farrell Jr.', 'Sunt repudiandae nam eum. Libero soluta quos saepe est corrupti. Animi illo quibusdam rerum hic expedita. Quia sit atque omnis vitae.', 0, '2019-06-25 07:31:05', '2019-06-25 07:31:05'),
(239, 73, 'Glen Steuber I', 'Modi qui quos iure debitis rerum. Nobis ea magnam et iure. Cumque sunt hic facere.', 2, '2019-06-25 07:31:05', '2019-06-25 07:31:05'),
(240, 21, 'Prof. Sunny Roob DDS', 'Doloremque voluptas neque sint vel vitae voluptatem. Voluptate laudantium ullam ab. Et et praesentium rerum voluptatem similique qui. Voluptas illo et itaque recusandae. Mollitia provident esse ipsa autem in perspiciatis.', 4, '2019-06-25 07:31:05', '2019-06-25 07:31:05'),
(241, 65, 'Cierra Hauck', 'Nam ex et molestiae autem sint impedit cum. Dolor repellendus reprehenderit qui quidem. Magnam autem quo assumenda vel. Sapiente voluptates explicabo optio ab enim qui distinctio. Recusandae quae ratione qui officia velit quo suscipit.', 4, '2019-06-25 07:31:05', '2019-06-25 07:31:05'),
(242, 100, 'Meagan Eichmann', 'Quia nemo a modi ipsum consequatur cum eius. Qui natus odio quidem blanditiis consequatur molestiae quia. Aut asperiores qui veniam rerum doloremque delectus.', 5, '2019-06-25 07:31:05', '2019-06-25 07:31:05'),
(243, 12, 'Dr. Brycen Wuckert I', 'Et quis pariatur nesciunt unde. Est quia eius odio voluptatem ut veritatis sunt voluptate. Earum tempora odio debitis excepturi est ipsum. Quo consequatur architecto ut et veniam illum temporibus.', 2, '2019-06-25 07:31:05', '2019-06-25 07:31:05'),
(244, 63, 'Mr. Tavares Renner', 'Tenetur dolore voluptas atque accusamus veritatis id sed. Autem ratione autem asperiores et.', 3, '2019-06-25 07:31:05', '2019-06-25 07:31:05'),
(245, 4, 'Ms. Myrna Kilback DDS', 'Voluptas cupiditate qui numquam dicta omnis hic in. Illum aut voluptatibus est illo. Ipsam cupiditate deserunt ducimus similique quidem numquam. Eveniet natus et omnis.', 5, '2019-06-25 07:31:05', '2019-06-25 07:31:05'),
(246, 75, 'Ebony Pollich MD', 'Inventore excepturi explicabo non earum. Ad ut quia vel aliquid odio dolorum.', 4, '2019-06-25 07:31:05', '2019-06-25 07:31:05'),
(247, 62, 'Lynn Bartoletti', 'Assumenda et expedita eaque quia. Magnam doloribus molestiae laboriosam porro voluptatem. Dolor velit et commodi soluta est.', 0, '2019-06-25 07:31:05', '2019-06-25 07:31:05'),
(248, 52, 'Wilfredo Hoppe IV', 'Voluptas amet ut non blanditiis. Tempore ut accusantium quis.', 1, '2019-06-25 07:31:05', '2019-06-25 07:31:05'),
(249, 70, 'Prof. Mariane Kozey', 'Ut ipsa natus et nobis asperiores et odit illo. Omnis consequuntur vel repudiandae fugiat. Optio et totam deserunt sunt consectetur. Autem beatae sint est quis earum. Minus ipsa beatae molestiae sed.', 2, '2019-06-25 07:31:05', '2019-06-25 07:31:05'),
(250, 71, 'Brenda Ledner', 'Enim asperiores dolor ab et. Ipsam pariatur facilis aut nihil assumenda.', 4, '2019-06-25 07:31:05', '2019-06-25 07:31:05'),
(251, 88, 'Kailey Kihn', 'Facere hic occaecati id eius. Nemo consectetur quibusdam exercitationem similique.', 0, '2019-06-25 07:31:05', '2019-06-25 07:31:05'),
(252, 87, 'Jammie Klocko', 'Iure quidem est earum aut consequatur eveniet. Ad fugit voluptatem dolor id.', 4, '2019-06-25 07:31:05', '2019-06-25 07:31:05'),
(253, 98, 'Titus Hane', 'Et impedit omnis expedita nesciunt odit. Iusto consequatur libero deleniti quasi. Id quia minus aut est. Provident et explicabo eaque sunt mollitia.', 4, '2019-06-25 07:31:05', '2019-06-25 07:31:05'),
(254, 32, 'Prof. Modesto Will', 'Vero consequatur pariatur aut. Accusamus ut officiis asperiores aut est.', 3, '2019-06-25 07:31:05', '2019-06-25 07:31:05'),
(255, 42, 'Prof. Aida Orn DDS', 'Quaerat qui voluptas reprehenderit. Facilis eligendi saepe ratione aut dolor dicta. Dolor consequatur a deleniti officia iste.', 5, '2019-06-25 07:31:05', '2019-06-25 07:31:05'),
(256, 57, 'Doyle Gusikowski', 'Quos libero aut in nam rem et itaque. Vel quo eos sit minus voluptatem aut eligendi. Impedit quod blanditiis sit beatae et vel. Repellat repellat eveniet ducimus saepe eaque voluptatum dolore.', 1, '2019-06-25 07:31:05', '2019-06-25 07:31:05'),
(257, 26, 'Lincoln Schumm', 'Amet porro totam nostrum qui reiciendis. Illum facilis aliquam ut. Veniam corporis nostrum vel. Velit rem at dolor asperiores.', 4, '2019-06-25 07:31:05', '2019-06-25 07:31:05'),
(258, 21, 'Remington Cruickshank I', 'Suscipit autem mollitia maxime quo consequuntur. Inventore facilis et optio totam quos nisi. Excepturi ipsa minima commodi et deleniti.', 5, '2019-06-25 07:31:05', '2019-06-25 07:31:05'),
(259, 46, 'Antonetta Weimann', 'Ab doloremque voluptate ex et. Aut deleniti ut non voluptatem. Nisi nam minus accusamus et aliquid dolorem voluptas.', 1, '2019-06-25 07:31:05', '2019-06-25 07:31:05'),
(260, 40, 'Prof. Keon Batz MD', 'Vitae non illum ut quam dolores veniam. Est nemo sed aut laborum qui.', 4, '2019-06-25 07:31:05', '2019-06-25 07:31:05'),
(261, 35, 'Jarret Erdman', 'Quas deserunt qui autem mollitia. Ut eum autem atque sit enim sunt nemo autem. Aut inventore dolor voluptas qui illum aut sit. Iure enim perspiciatis alias et laborum voluptatum. Maiores voluptatum asperiores illum velit beatae.', 5, '2019-06-25 07:31:05', '2019-06-25 07:31:05'),
(262, 70, 'Ms. Delpha Hermann', 'Dolores harum id eveniet aliquid fugit totam dolor. Nihil voluptas iusto voluptate non amet. Dolorum quo sed similique id aut. Ut qui assumenda necessitatibus doloribus labore aut ratione consequuntur.', 4, '2019-06-25 07:31:06', '2019-06-25 07:31:06'),
(263, 79, 'Mr. Marcellus Hackett', 'Molestias quaerat ea sapiente non. Doloribus veritatis fuga ipsa non dolore. In dolorem et iure quia. Officiis deleniti est quo omnis necessitatibus omnis eius.', 0, '2019-06-25 07:31:06', '2019-06-25 07:31:06'),
(264, 36, 'Dr. Tyrese Stehr', 'Sint maxime quae sunt neque placeat. Delectus eveniet dolorem dolorem quo sit id saepe. Autem aliquid corrupti natus quos autem perspiciatis quibusdam ipsum. Maxime tenetur veritatis fuga quas ut ipsa. Suscipit molestias quia aut.', 0, '2019-06-25 07:31:06', '2019-06-25 07:31:06'),
(265, 93, 'Dr. Rosamond Abshire', 'Et eum nisi fugit ipsam. Alias qui impedit perferendis sunt sequi. Optio aut id et dolorum blanditiis libero. Commodi dolorum et ut nihil quia eos quis sequi.', 2, '2019-06-25 07:31:06', '2019-06-25 07:31:06'),
(266, 20, 'Bennett Borer', 'Nobis et vel autem illo odit maxime. Ab eos minima enim aut cupiditate iure.', 0, '2019-06-25 07:31:06', '2019-06-25 07:31:06'),
(267, 13, 'Kole Parker III', 'Est impedit omnis corporis sint facere dolore. Explicabo minus aut a dolore aliquam tempora suscipit. Odio quibusdam accusamus ut. Earum sapiente ratione officia.', 0, '2019-06-25 07:31:06', '2019-06-25 07:31:06'),
(268, 5, 'Oma Abernathy DDS', 'Et aut voluptates ut quas laborum. Et dolor explicabo non. Et similique id dicta ab amet omnis ipsa quia.', 3, '2019-06-25 07:31:06', '2019-06-25 07:31:06'),
(269, 99, 'Anita Strosin', 'Ratione veritatis est ut voluptas commodi veritatis expedita. Quae omnis assumenda excepturi perferendis odio. Occaecati quae occaecati repellendus nulla officia.', 2, '2019-06-25 07:31:06', '2019-06-25 07:31:06'),
(270, 15, 'Isabella Heidenreich', 'Inventore nam harum perferendis quas nesciunt quo dolores. Vitae autem est sed et facilis et. Corrupti quo aspernatur et beatae deleniti nihil laborum.', 2, '2019-06-25 07:31:06', '2019-06-25 07:31:06'),
(271, 82, 'Ms. Kathryn Conroy I', 'Ab totam ut ab soluta quidem ab at. Dolores incidunt et tempore soluta deserunt. Velit non et sunt sit et qui.', 2, '2019-06-25 07:31:06', '2019-06-25 07:31:06'),
(272, 27, 'Conrad Jast', 'Quod nostrum officia aut sunt sit perspiciatis. Est nesciunt non ratione illo quis aut facere. Itaque sequi quis voluptas sed. Velit repudiandae laborum dolor eos dolores distinctio et. Quis est ipsum nemo rerum autem in.', 1, '2019-06-25 07:31:06', '2019-06-25 07:31:06'),
(273, 32, 'Ms. Dena Sawayn', 'Distinctio similique sit amet. Placeat commodi autem ducimus necessitatibus et quae. Qui expedita odio minima quaerat nostrum eaque. Aut atque incidunt enim officia iste harum. Omnis laudantium earum vero ullam quia voluptates voluptatem.', 4, '2019-06-25 07:31:06', '2019-06-25 07:31:06'),
(274, 4, 'Dr. Kailee Von PhD', 'Quia aut molestias odit quia dolores facere fuga. Et voluptates blanditiis omnis rerum quo. Iste dolorem consequatur possimus.', 1, '2019-06-25 07:31:06', '2019-06-25 07:31:06'),
(275, 48, 'Gideon Champlin', 'Et est harum sit quia ut illo. Voluptatem libero repellat qui totam omnis voluptatem. Inventore quibusdam aperiam aut in. Et sed atque ipsa qui assumenda quia architecto voluptas.', 5, '2019-06-25 07:31:06', '2019-06-25 07:31:06'),
(276, 94, 'Walker Ortiz', 'Qui dicta rerum in deleniti. Nostrum delectus debitis dolores labore earum. Aliquid ut fugiat blanditiis praesentium incidunt. Ea non culpa est unde quis.', 1, '2019-06-25 07:31:06', '2019-06-25 07:31:06'),
(277, 31, 'Madeline Wuckert', 'Nesciunt similique est perferendis cum atque explicabo quos. Aut voluptatem quasi amet. Similique soluta fugiat earum praesentium. Aperiam officia unde quia.', 5, '2019-06-25 07:31:06', '2019-06-25 07:31:06'),
(278, 53, 'Mrs. Shany Sanford PhD', 'Perspiciatis numquam et et eius eum minima ea. Numquam molestias autem molestias quas repellendus officia ut quis. Sapiente aperiam nam consequatur ullam eveniet inventore. Et ut odit quia excepturi.', 4, '2019-06-25 07:31:06', '2019-06-25 07:31:06'),
(279, 74, 'Keyon Kulas V', 'Reiciendis optio nesciunt aut numquam exercitationem quasi. Quia corrupti at deserunt quia doloribus vel sint. Fuga quidem aliquam sit quia qui facilis. Corporis hic omnis eveniet doloremque ullam quisquam.', 0, '2019-06-25 07:31:06', '2019-06-25 07:31:06'),
(280, 94, 'Dr. Raven Waters DDS', 'Voluptas a odio consectetur iusto iure. Vitae culpa aut libero alias at iste. A ipsum velit aut vero suscipit dolor. Ex qui eligendi id dignissimos consequuntur.', 1, '2019-06-25 07:31:06', '2019-06-25 07:31:06'),
(281, 72, 'Verlie Abbott Sr.', 'Quaerat consequatur omnis perferendis voluptatem. Deleniti et vel a et eos harum. Amet adipisci eaque sint iste vitae id itaque.', 1, '2019-06-25 07:31:06', '2019-06-25 07:31:06'),
(282, 89, 'Mr. Marco Tillman DVM', 'Odio ut autem voluptas aliquam facere et. Sit aut qui quo quo minima placeat. Non est consequatur ad qui dolores id.', 3, '2019-06-25 07:31:06', '2019-06-25 07:31:06'),
(283, 27, 'Jevon Daugherty', 'Quisquam placeat eum eum pariatur. In facere animi velit dolorem eum consequatur adipisci in. Aut qui at doloremque unde.', 4, '2019-06-25 07:31:06', '2019-06-25 07:31:06'),
(284, 42, 'Ansley Kessler', 'Nesciunt provident aut odit quis placeat. Sint recusandae deleniti a qui. Animi maiores qui enim nihil voluptas id.', 1, '2019-06-25 07:31:07', '2019-06-25 07:31:07'),
(285, 60, 'Nelda Hettinger', 'Nemo beatae ipsam rerum. Dolorum et est consequatur. Suscipit aperiam quis eum architecto nihil accusamus impedit. Est sunt libero maiores occaecati quasi sapiente mollitia. Velit praesentium nihil id quod dolorem nulla aut.', 4, '2019-06-25 07:31:07', '2019-06-25 07:31:07'),
(286, 55, 'Ethelyn Kozey', 'Ducimus voluptatem voluptatem voluptas itaque in quod. Debitis voluptate sed dolores. Rerum perspiciatis praesentium reiciendis ipsa tempora aliquam libero voluptates. Molestiae ipsum quam commodi fuga nam ut. Cupiditate nemo occaecati animi.', 0, '2019-06-25 07:31:07', '2019-06-25 07:31:07'),
(287, 21, 'Jerod Walsh MD', 'Aut soluta commodi odit aliquam voluptatem est quisquam. Cum praesentium deleniti perspiciatis et voluptate. Similique consequatur commodi illum.', 1, '2019-06-25 07:31:07', '2019-06-25 07:31:07'),
(288, 63, 'Alvina Beahan', 'Iste incidunt aperiam eligendi quo ad. Facilis voluptate id voluptatum veniam quia. A voluptas eum dolor aspernatur non tenetur. Minima maiores accusantium dolore veritatis molestiae.', 5, '2019-06-25 07:31:07', '2019-06-25 07:31:07'),
(289, 24, 'Nakia Gorczany', 'Similique ut numquam voluptates amet. Ad in voluptatem doloremque quasi adipisci vitae saepe. Praesentium excepturi aspernatur voluptas tempora at qui assumenda. Laudantium optio reiciendis hic enim velit.', 1, '2019-06-25 07:31:07', '2019-06-25 07:31:07'),
(290, 13, 'Juston Daniel', 'Ratione est doloribus enim dicta. Ea quia et aut id beatae quo. Dolor cumque aut autem et. Facilis qui nulla minima voluptatibus qui et.', 5, '2019-06-25 07:31:07', '2019-06-25 07:31:07'),
(291, 65, 'Florence Rippin DDS', 'Fugit sint optio harum et omnis. Labore nemo laudantium non consequatur ut omnis ut. Necessitatibus quos temporibus quam libero fugit et. Aperiam fuga sunt impedit porro sint. Assumenda aut quidem assumenda quaerat.', 2, '2019-06-25 07:31:07', '2019-06-25 07:31:07'),
(292, 20, 'Curt Boehm', 'Expedita at velit et vitae ut. Consectetur et non ipsam ex temporibus. Hic optio modi dignissimos. Voluptates perferendis laboriosam esse aut officiis et aliquid. Dolorem dolorem et reiciendis labore pariatur rerum labore sequi.', 2, '2019-06-25 07:31:07', '2019-06-25 07:31:07'),
(293, 52, 'Jana Green', 'Aut velit quibusdam ut enim repudiandae dignissimos rerum. Maxime asperiores facere nihil quis quia. Voluptates odit sit aut laborum nobis voluptas.', 1, '2019-06-25 07:31:07', '2019-06-25 07:31:07'),
(294, 83, 'Henry Jakubowski', 'Molestiae fuga et fuga ad laboriosam esse aut quia. Numquam nesciunt quibusdam excepturi minima non. Velit magni voluptas veniam qui repudiandae doloremque rerum voluptatem. Aliquam ut voluptates incidunt.', 2, '2019-06-25 07:31:07', '2019-06-25 07:31:07'),
(295, 4, 'Bertha Smith DDS', 'Numquam saepe expedita inventore quo quidem ex asperiores. Dicta soluta praesentium impedit eos eos. Fugiat voluptate delectus iste corporis consequatur. Facere enim nisi voluptas adipisci ut.', 5, '2019-06-25 07:31:07', '2019-06-25 07:31:07'),
(296, 38, 'Laila Barton IV', 'Tenetur perferendis quo et repudiandae eos. Nesciunt sapiente accusamus sapiente et dolores unde ipsum quisquam. Magni eos recusandae corporis molestiae assumenda officia possimus. Ex nesciunt ut provident quis cumque doloremque. Doloremque nostrum vel sunt.', 5, '2019-06-25 07:31:07', '2019-06-25 07:31:07'),
(297, 24, 'Mrs. Molly Bergstrom I', 'Tempore repellendus iusto quae dolores fugit architecto aut error. Voluptas repellendus eaque rerum magni ea. Nihil similique illo blanditiis et repudiandae.', 1, '2019-06-25 07:31:07', '2019-06-25 07:31:07'),
(298, 4, 'Prof. Nicholas Cronin Sr.', 'Perferendis totam quia qui qui pariatur eaque. Totam molestias et saepe autem. Ut necessitatibus veritatis placeat et reprehenderit illo. Ullam officiis rerum illum beatae.', 2, '2019-06-25 07:31:07', '2019-06-25 07:31:07'),
(299, 29, 'Reina Altenwerth', 'Et molestias natus autem est aut et pariatur. Voluptatem dignissimos quas vero rerum et id quos est. Libero aut velit voluptas facere praesentium aspernatur occaecati. Eaque nulla voluptatem aut aperiam ipsum perspiciatis voluptas.', 5, '2019-06-25 07:31:07', '2019-06-25 07:31:07'),
(300, 48, 'Prof. Arden Schumm', 'Doloribus deserunt facere sit veritatis. Accusantium amet rerum ea autem. Amet assumenda dolor libero. Vitae provident maxime reprehenderit animi. Voluptate exercitationem temporibus vel debitis fuga iure.', 0, '2019-06-25 07:31:07', '2019-06-25 07:31:07');

-- --------------------------------------------------------

--
-- Table structure for table `users`
--

CREATE TABLE `users` (
  `id` bigint(20) UNSIGNED NOT NULL,
  `name` varchar(255) COLLATE utf8mb4_unicode_ci NOT NULL,
  `email` varchar(255) COLLATE utf8mb4_unicode_ci NOT NULL,
  `email_verified_at` timestamp NULL DEFAULT NULL,
  `password` varchar(255) COLLATE utf8mb4_unicode_ci NOT NULL,
  `remember_token` varchar(100) COLLATE utf8mb4_unicode_ci DEFAULT NULL,
  `created_at` timestamp NULL DEFAULT NULL,
  `updated_at` timestamp NULL DEFAULT NULL
) ENGINE=InnoDB DEFAULT CHARSET=utf8mb4 COLLATE=utf8mb4_unicode_ci;

--
-- Indexes for dumped tables
--

--
-- Indexes for table `migrations`
--
ALTER TABLE `migrations`
  ADD PRIMARY KEY (`id`);

--
-- Indexes for table `password_resets`
--
ALTER TABLE `password_resets`
  ADD KEY `password_resets_email_index` (`email`);

--
-- Indexes for table `products`
--
ALTER TABLE `products`
  ADD PRIMARY KEY (`id`);

--
-- Indexes for table `reviews`
--
ALTER TABLE `reviews`
  ADD PRIMARY KEY (`id`),
  ADD KEY `reviews_product_id_index` (`product_id`);

--
-- Indexes for table `users`
--
ALTER TABLE `users`
  ADD PRIMARY KEY (`id`),
  ADD UNIQUE KEY `users_email_unique` (`email`);

--
-- AUTO_INCREMENT for dumped tables
--

--
-- AUTO_INCREMENT for table `migrations`
--
ALTER TABLE `migrations`
  MODIFY `id` int(10) UNSIGNED NOT NULL AUTO_INCREMENT, AUTO_INCREMENT=5;

--
-- AUTO_INCREMENT for table `products`
--
ALTER TABLE `products`
  MODIFY `id` int(10) UNSIGNED NOT NULL AUTO_INCREMENT, AUTO_INCREMENT=101;

--
-- AUTO_INCREMENT for table `reviews`
--
ALTER TABLE `reviews`
  MODIFY `id` int(10) UNSIGNED NOT NULL AUTO_INCREMENT, AUTO_INCREMENT=301;

--
-- AUTO_INCREMENT for table `users`
--
ALTER TABLE `users`
  MODIFY `id` bigint(20) UNSIGNED NOT NULL AUTO_INCREMENT;

--
-- Constraints for dumped tables
--

--
-- Constraints for table `reviews`
--
ALTER TABLE `reviews`
  ADD CONSTRAINT `reviews_product_id_foreign` FOREIGN KEY (`product_id`) REFERENCES `products` (`id`) ON DELETE CASCADE;
COMMIT;

/*!40101 SET CHARACTER_SET_CLIENT=@OLD_CHARACTER_SET_CLIENT */;
/*!40101 SET CHARACTER_SET_RESULTS=@OLD_CHARACTER_SET_RESULTS */;
/*!40101 SET COLLATION_CONNECTION=@OLD_COLLATION_CONNECTION */;
